StartDate,EndDate,Status,IPAddress,Progress,Duration (in seconds),Finished,RecordedDate,ResponseId,RecipientLastName,RecipientFirstName,RecipientEmail,ExternalReference,LocationLatitude,LocationLongitude,DistributionChannel,UserLanguage,Q4_1,Q4_2,Q4_3,Q4_4,Q4_5,Q4_6,Q5_1,Q5_2,Q5_3,Q5_4,Q5_5,Q5_6,Q5_7,Q5_8,Q5_9,Q5_10,Q5_11,Q5_12,Q6_1,Q6_2,Q6_3,Q6_4,Q7_1,Q7_2,Q7_3,Q8_1,Q8_2,Q8_3,Q8_4,Q8_5,Q8_6,Q9_1,Q9_2,Q9_3,Q9_4,Q9_5,Q9_6,Q9_7,Q9_8,Q9_9,Q11,Q12,Q15_1,Q15_2,Q17_1,Q17_2,Q17_3,Q17_4,Q17_5,Q17_6,Q17_7,Q17_8,Q17_9,Q17_10,Q17_11,Q18_1,Q18_2,Q18_3,Q21,Q22,user_id,cond,Create New Field or Choose From Dropdown...
Anfangsdatum,Enddatum,Antworttyp,IP-Adresse,Aktueller Stand,Dauer (in Sekunden),Beendet,Erfassungsdatum,Antwort-ID,Nachname des Empfängers,Vorname des Empfängers,E-Mail des Empfängers,Externe Datenreferenz,Breitengrad des Standorts,Längengrad des Standorts,Verteilungskanal,Benutzersprache,How strongly do you feel the following emotions now? - Anxious,How strongly do you feel the following emotions now? - Overwhelmed,How strongly do you feel the following emotions now? - Unmotivated,How strongly do you feel the following emotions now? - Relaxed,How strongly do you feel the following emotions now? - Energetic,How strongly do you feel the following emotions now? - Motivated,"Read each item carefully. Using the scale shown below, please select the number that best describes you - I can think of many ways to get out of a jam.","Read each item carefully. Using the scale shown below, please select the number that best describes you - I energetically pursue my goals.","Read each item carefully. Using the scale shown below, please select the number that best describes you - I feel tired most of the time.","Read each item carefully. Using the scale shown below, please select the number that best describes you - There are lots of ways around any problem.","Read each item carefully. Using the scale shown below, please select the number that best describes you - I am easily downed in an argument.","Read each item carefully. Using the scale shown below, please select the number that best describes you - I can think of many ways to get the things in life that are important to me.","Read each item carefully. Using the scale shown below, please select the number that best describes you - I worry about my health.","Read each item carefully. Using the scale shown below, please select the number that best describes you - Even when others get discouraged, I know I can find a way to solve the problem.","Read each item carefully. Using the scale shown below, please select the number that best describes you - My past experiences have prepared me well for my future.","Read each item carefully. Using the scale shown below, please select the number that best describes you - I’ve been pretty successful in life.","Read each item carefully. Using the scale shown below, please select the number that best describes you - I usually find myself worrying about something.","Read each item carefully. Using the scale shown below, please select the number that best describes you - I meet the goals that I set for myself.",Please read each item carefully and rate the scales below. - How similar are you now to what you will be like when you are 60 years old?,Please read each item carefully and rate the scales below. - How similar are your beliefs now to what they will be like when you are 60 years old?,Please read each item carefully and rate the scales below. - How similar is your personality now to what it will be like when you are 60 years old?,Please read each item carefully and rate the scales below. - How similar are your values now to what they will be like when you are 60 years old?,Please read each item carefully and rate the scales below. - Do you like what you will be like when you are 60 years old?,Please read each item carefully and rate the scales below. - Do you like what your personality will probably be like when you are 60 years old?,Please read each item carefully and rate the scales below. - Do you like what your actions will probably be like when you are 60 years old?,Please read each item carefully and rate the scales below. - How vividly can you imagine what you will be like when you are 60 years old?,Please read each item carefully and rate the scales below. - How vividly can you imagine what you will look like when you are 60 years old?,Please read each item carefully and rate the scales below. - How vividly can you imagine what your family relationships will be like when you are 60 years old?,Please read each item carefully and rate the scales below. - Do you like what you will be like when you are 60 years old?,Please read each item carefully and rate the scales below. - Do you like what your personality will probably be like when you are 60 years old?,Please read each item carefully and rate the scales below. - Do you like what your actions will probably be like when you are 60 years old?,User Engagement Scale - I lost myself in this experience.,User Engagement Scale - The time I spent using the system just slipped away.,User Engagement Scale - I was absorbed in this experience.,User Engagement Scale - I felt frustrated while using this system,User Engagement Scale - I found this system confusing to use.,User Engagement Scale - Using this system was taxing.,User Engagement Scale - Using system was worthwhile.,User Engagement Scale - My experience was rewarding.,User Engagement Scale - I felt interested in this experience.,The virtual agent was...,How human-like did you find the virtual agent?,Please read each item carefully and rate the scales below. - I found the virtual agent realistic overall,Please read each item carefully and rate the scales below. - I found the virtual agent’s appearance realistic,Please read each item carefully and rate the scales below. - The system is deceptive.,Please read each item carefully and rate the scales below. - The system behaves in an underhanded manner.,"Please read each item carefully and rate the scales below. - I am suspicious of the system’s intent, action, or output.",Please read each item carefully and rate the scales below. - I am wary of the system.,Please read each item carefully and rate the scales below. - The system’s action will have a harmful or injurious outcome.,Please read each item carefully and rate the scales below. - I am confident in the system.,Please read each item carefully and rate the scales below. - The system provides security.,Please read each item carefully and rate the scales below. - The system has integrity.,Please read each item carefully and rate the scales below. - The system is dependable.,Please read each item carefully and rate the scales below. - The system is reliable.,Please read each item carefully and rate the scales below. - I can trust the system.,Please read each item carefully and rate the scales below. - This system is capable of changing my behavior.,Please read each item carefully and rate the scales below. - This system is capable of changing my attitude.,Please read each item carefully and rate the scales below. - This system is capable of changing my intention.,"Reflecting on the conversation, how did this experience influence or shape your perception of the future?",Please add any comments and open feedback here:,user_id,cond,Create New Field or Choose From Dropdown...
"{""ImportId"":""startDate"",""timeZone"":""America/Denver""}","{""ImportId"":""endDate"",""timeZone"":""America/Denver""}","{""ImportId"":""status""}","{""ImportId"":""ipAddress""}","{""ImportId"":""progress""}","{""ImportId"":""duration""}","{""ImportId"":""finished""}","{""ImportId"":""recordedDate"",""timeZone"":""America/Denver""}","{""ImportId"":""_recordId""}","{""ImportId"":""recipientLastName""}","{""ImportId"":""recipientFirstName""}","{""ImportId"":""recipientEmail""}","{""ImportId"":""externalDataReference""}","{""ImportId"":""locationLatitude""}","{""ImportId"":""locationLongitude""}","{""ImportId"":""distributionChannel""}","{""ImportId"":""userLanguage""}","{""ImportId"":""QID4_1""}","{""ImportId"":""QID4_2""}","{""ImportId"":""QID4_3""}","{""ImportId"":""QID4_4""}","{""ImportId"":""QID4_5""}","{""ImportId"":""QID4_6""}","{""ImportId"":""QID5_1""}","{""ImportId"":""QID5_2""}","{""ImportId"":""QID5_3""}","{""ImportId"":""QID5_4""}","{""ImportId"":""QID5_5""}","{""ImportId"":""QID5_6""}","{""ImportId"":""QID5_7""}","{""ImportId"":""QID5_8""}","{""ImportId"":""QID5_9""}","{""ImportId"":""QID5_10""}","{""ImportId"":""QID5_11""}","{""ImportId"":""QID5_12""}","{""ImportId"":""QID6_1""}","{""ImportId"":""QID6_2""}","{""ImportId"":""QID6_3""}","{""ImportId"":""QID6_4""}","{""ImportId"":""QID7_4""}","{""ImportId"":""QID7_5""}","{""ImportId"":""QID7_6""}","{""ImportId"":""QID8_1""}","{""ImportId"":""QID8_2""}","{""ImportId"":""QID8_3""}","{""ImportId"":""QID8_4""}","{""ImportId"":""QID8_5""}","{""ImportId"":""QID8_6""}","{""ImportId"":""QID9_1""}","{""ImportId"":""QID9_2""}","{""ImportId"":""QID9_3""}","{""ImportId"":""QID9_4""}","{""ImportId"":""QID9_5""}","{""ImportId"":""QID9_6""}","{""ImportId"":""QID9_7""}","{""ImportId"":""QID9_8""}","{""ImportId"":""QID9_9""}","{""ImportId"":""QID11""}","{""ImportId"":""QID12""}","{""ImportId"":""QID15_1""}","{""ImportId"":""QID15_2""}","{""ImportId"":""QID17_1""}","{""ImportId"":""QID17_2""}","{""ImportId"":""QID17_3""}","{""ImportId"":""QID17_4""}","{""ImportId"":""QID17_5""}","{""ImportId"":""QID17_6""}","{""ImportId"":""QID17_7""}","{""ImportId"":""QID17_8""}","{""ImportId"":""QID17_9""}","{""ImportId"":""QID17_10""}","{""ImportId"":""QID17_11""}","{""ImportId"":""QID18_1""}","{""ImportId"":""QID18_2""}","{""ImportId"":""QID18_3""}","{""ImportId"":""QID21_TEXT""}","{""ImportId"":""QID22_TEXT""}","{""ImportId"":""user_id""}","{""ImportId"":""cond""}","{""ImportId"":""Create New Field or Choose From Dropdown...""}"
2025-10-02 05:59:29,2025-10-02 06:00:55,1,,100,86,1,2025-10-02 06:00:56,R_3fwVsV7M0EUJ1e2,,,,,42.3649,-71.0987,preview,EN,1,1,1,1,1,1,4,4,4,5,4,4,3,3,4,4,4,4,2,3,3,3,,,,1,2,1,2,3,3,3,3,3,3,3,3,3,3,3,2,3,3,3,2,2,2,2,2,2,2,3,2,2,2,2,3,3,,,,,
2025-10-02 06:43:18,2025-10-02 06:49:18,0,18.29.15.253,100,360,1,2025-10-02 06:49:19,R_5nA9vsHKjZ4aw0j,,,,,42.3649,-71.0987,anonymous,EN,6,6,6,1,1,1,6,6,6,6,6,6,6,6,6,6,6,6,4,4,4,4,,,,4,4,4,4,4,4,4,4,4,4,4,4,4,4,4,5,5,5,5,2,2,2,2,2,2,4,4,4,4,4,6,6,6,,,,,
2025-10-02 07:27:47,2025-10-02 07:57:20,0,18.29.115.203,100,1773,1,2025-10-02 07:57:21,R_38X2bx3edt3LnbP,,,,,42.3649,-71.0987,anonymous,EN,5,2,2,5,6,6,8,8,5,8,2,8,5,8,8,8,5,8,4,4,5,5,4,5,4,5,5,4,5,5,5,2,4,4,2,1,1,4,4,5,5,4,6,6,2,2,3,4,3,2,3,1,2,3,1,5,6,5,,,,,
2025-10-02 08:17:25,2025-10-02 08:20:42,0,18.29.115.203,100,196,1,2025-10-02 08:20:42,R_5KxBGBuCGEK0EwR,,,,,42.3649,-71.0987,anonymous,EN,3,3,1,5,7,7,8,8,3,8,1,7,5,8,7,7,5,7,2,6,5,6,5,5,5,5,4,5,5,5,5,1,2,4,2,2,2,3,4,4,5,4,5,5,3,2,4,4,3,2,2,2,2,2,2,5,5,5,,,,,
2025-10-02 10:49:42,2025-10-02 10:54:59,0,18.29.115.203,100,317,1,2025-10-02 10:54:59,R_7jNpmRpDOAWWjAZ,,,,,42.3649,-71.0987,anonymous,EN,5,4,4,3,4,3,7,6,6,6,2,6,6,6,6,4,5,5,4,4,5,5,3,4,3,4,4,4,3,3,3,3,2,2,3,2,4,3,3,4,3,2,2,2,2,2,2,4,1,2,2,3,3,3,2,5,5,5,,,,,
2025-10-02 11:41:32,2025-10-02 11:49:04,0,18.29.87.143,100,451,1,2025-10-02 11:49:04,R_6wBLAcKf6BwisaE,,,,,42.3649,-71.0987,anonymous,EN,1,1,1,6,6,7,8,8,8,8,1,8,3,8,8,8,2,8,5,5,5,5,5,6,5,5,5,5,5,5,5,2,2,2,1,1,1,4,4,4,5,4,5,6,1,1,1,1,1,3,3,3,2,2,3,4,3,3,,,,,
2025-10-02 11:53:14,2025-10-02 12:07:02,0,18.29.87.143,100,828,1,2025-10-02 12:07:03,R_6Yb2NijcMRNVaIa,,,,,42.3649,-71.0987,anonymous,EN,2,2,2,5,5,4,7,6,3,7,2,7,4,7,8,7,5,6,4,4,4,4,4,4,4,4,4,4,4,4,4,2,2,3,4,3,4,4,3,4,4,2,3,4,2,2,2,2,2,2,3,4,3,3,2,3,3,3,,,,,
2025-10-02 12:21:59,2025-10-02 12:26:39,0,18.29.115.203,100,279,1,2025-10-02 12:26:39,R_6U4t88JHQmJi5KN,,,,,42.3649,-71.0987,anonymous,EN,3,3,1,6,6,7,8,8,4,8,7,8,6,7,8,7,4,7,5,5,5,5,5,5,5,4,4,4,5,5,5,4,4,5,2,2,1,4,4,5,6,4,6,6,2,2,1,2,3,3,2,3,3,3,3,6,6,2,,,,,
2025-10-02 13:00:53,2025-10-02 13:05:05,0,18.27.112.248,100,252,1,2025-10-02 13:05:06,R_71H1xFtPmRQHzA5,,,,,42.3649,-71.0987,anonymous,EN,4,4,4,4,3,4,5,5,5,5,4,5,4,5,5,5,5,4,4,4,4,4,4,4,4,3,4,3,4,4,4,3,4,4,3,4,3,4,4,4,5,3,3,5,3,2,4,2,3,3,3,3,3,3,3,5,6,5,,,,,
2025-10-02 12:28:59,2025-10-02 13:46:05,0,18.29.115.203,100,4626,1,2025-10-02 13:46:05,R_72D74sRusmsY5Tl,,,,,42.3649,-71.0987,anonymous,EN,3,3,4,5,4,6,5,6,4,7,3,6,6,6,6,6,4,5,4,3,3,3,4,4,4,4,3,3,4,4,5,3,3,3,3,2,2,4,4,4,3,2,3,3,2,2,3,3,3,3,2,1,2,2,1,5,5,4,,,,,
2025-10-02 14:01:10,2025-10-02 14:20:26,0,65.112.8.53,100,1156,1,2025-10-02 14:20:26,R_3c2FEO4FvQS0eun,,,,,42.3737,-71.1284,anonymous,EN,5,4,2,4,5,6,8,7,3,7,3,6,6,8,6,7,5,6,4,5,5,5,5,5,4,2,2,4,5,5,4,2,3,4,3,2,2,4,4,5,4,2,3,5,2,2,2,3,2,3,2,2,2,2,3,5,5,5,,,,,
2025-10-03 08:54:28,2025-10-03 09:15:25,0,192.54.222.157,100,1256,1,2025-10-03 09:15:25,R_73xM6BOsgLIUIyI,,,,,42.3649,-71.0987,anonymous,EN,2,2,2,6,5,5,7,8,3,7,2,7,1,7,7,7,3,8,3,3,4,4,3,3,4,4,4,3,4,3,4,2,3,3,2,3,3,3,4,4,3,3,4,6,3,3,2,5,2,3,3,4,3,3,2,2,6,5,It’s a really fun experience! The system stays true to the input and have reliable prediction over one’s overall course of development. The system and artificial intelligence still feel out of sync with the human agent and even tho it’s your own voice it drags you back into reality. It would be beneficial if the sound could stay true to a 60 year-old’s voice and also have more imaginative interaction with the human agent and have a smoother transition between the virtual and the reality.,,,,
2025-10-03 09:33:35,2025-10-03 09:41:24,0,18.29.87.22,100,469,1,2025-10-03 09:41:26,R_3fVXSmPsG4lCl4B,,,,,42.3649,-71.0987,anonymous,EN,5,5,2,5,4,4,6,6,5,6,3,6,4,6,6,8,7,8,5,5,5,5,6,6,6,5,5,6,5,5,6,2,2,5,2,2,3,5,5,5,5,2,5,5,3,2,2,2,3,4,2,3,3,3,3,5,5,5,"It seems like a psychologist, trying to relax me and do not worried about the future",,,,
2025-10-03 13:08:03,2025-10-03 13:13:52,0,18.29.79.12,100,348,1,2025-10-03 13:13:52,R_706nPRE3U5mZ8sx,,,,,42.3649,-71.0987,anonymous,EN,,,,,,,,,,,,,,,,,,,,,,,,,,,,,,,,,,,,,,,,,,,,,,,,,,,,,,,,,,,"not really since I have previous understanding of AI and how AI model works, I feel like it's more like a constrain instead something that's helpful or inspiriting, the model is predicting the future instead of ""forsee"" it","Be mindful about this technology and test out between people who understand AI and who don't ",,,
2025-10-03 13:14:05,2025-10-03 13:23:16,0,18.29.79.12,100,550,1,2025-10-03 13:23:16,R_3OE7VwNkCf3nPmx,,,,,42.3649,-71.0987,anonymous,EN,5,3,3,5,6,6,7,6,3,7,3,7,1,6,5,7,4,6,6,6,6,6,3,3,3,3,3,3,3,3,3,1,3,3,1,1,3,3,4,5,6,4,3,5,4,3,3,4,5,3,3,3,3,3,2,2,4,2,,,,,
2025-10-04 08:41:33,2025-10-04 09:44:20,0,18.29.6.64,100,3766,1,2025-10-04 09:44:20,R_3PTVD7gYEg3RAlP,,,,,42.3649,-71.0987,anonymous,EN,4,2,2,7,7,7,8,8,4,8,2,7,3,7,8,6,3,7,5,5,4,3,5,5,4,6,6,5,5,5,5,2,2,5,1,1,1,5,5,5,6,6,6,6,2,2,1,1,1,4,3,3,4,4,4,6,6,4,"I feel like the conversation provided some clarity about how my future will unfold, and my reactions to how it potentially unfolds seems like a strong indicator of what I actually want to happen. For example, if my future self says I will do x and I don't like that outcome, then I should avoid x; whereas if I am contemplating doing x without talking to my future self and their explanation of how it went I am left guessing - even though the agent is providing theoretical outcomes it gives me a good framework to think about decisions","This experience was fantastic. The team was very welcoming and kind. ",,,
2025-10-04 09:44:39,2025-10-04 09:58:21,0,18.29.6.64,100,821,1,2025-10-04 09:58:21,R_6rABXCRrlaXcNtp,,,,,42.3649,-71.0987,anonymous,EN,3,3,2,5,5,7,5,6,5,7,4,7,2,5,7,8,5,6,4,5,2,5,5,5,6,5,5,3,6,5,6,4,5,4,1,2,2,4,4,5,5,4,5,6,1,1,1,1,1,3,3,4,4,4,4,6,6,4,"I've become more calm and relaxed, knowing that I will do well in life and achieve the goals that I set out myself to achieve. Nothing happening now seems too significant to the future, but any right decisions right now affect the future much more than any mishaps or unfortunate circumstances. Keep hustling and working regardless is the path that I would take, even though short term gains don't seem imminent. ","Could add more input questions on life outside professional development, like social growth, family relations, hobbies and life styles. ",,,
2025-10-04 09:59:50,2025-10-04 10:05:50,0,18.29.6.64,100,360,1,2025-10-04 10:05:51,R_5m1q9Irxe9IK2nY,,,,,42.3649,-71.0987,anonymous,EN,2,2,2,6,6,6,8,8,5,7,4,7,2,7,7,7,3,7,4,4,4,4,5,5,5,5,5,5,5,5,5,3,4,4,1,1,2,4,4,4,6,6,6,6,3,2,2,2,2,3,3,3,3,3,3,6,6,6,It helps me reinforce my belief of what I would work or accomplish in the future. It provide more confidence and motivation for my own future,,,,
2025-10-04 10:11:32,2025-10-04 11:05:24,0,18.29.6.64,100,3231,1,2025-10-04 11:05:25,R_6RDmkbnfM371pnj,,,,,42.3649,-71.0987,anonymous,EN,6,2,2,3,5,4,7,4,2,7,3,6,6,7,3,5,7,5,5,5,4,6,4,3,5,5,6,4,5,3,4,2,1,2,4,1,1,4,2,5,5,3,3,7,2,1,1,1,1,,4,4,3,3,4,3,6,4,"I think this experience shaped my perception of the future that I can have whatever I'd like to happen but I still feel like I don't have the actionable steps towards it. It's nice to feel like my goals already happened but I guess I'm more of a problem-solving, step-wanted person so the overall thing doesn't feel super realistic in those terms of the gap in between and how to do that. It was nice to ask about its values and see it aligns to where I am now. I did feel like when it kept mentioning the past of what I experienced where I just was like 'ahhh we're still core memory-ing that' but from present time me to future them is a cool story. ","Thought this was an interesting experience. I felt a little weird talking to myself to where I couldnt make eye contact. The voice in the beginning did sound like me but then later on did not. I did feel like when it mentioned climbing a mountain with my twin sister, didn't feel realistic because it doesnt know that she doesnt do outdoorsy stuff so it made feel a little less. ",,,
2025-10-04 16:17:02,2025-10-04 16:28:49,0,18.29.17.64,100,707,1,2025-10-04 16:28:50,R_3Ld54X3oYCMPnei,,,,,42.3649,-71.0987,anonymous,EN,2,2,2,6,6,7,6,6,4,7,3,7,3,7,7,8,5,7,4,5,4,5,4,5,5,3,3,4,5,5,5,2,4,3,2,2,2,4,4,5,5,3,4,5,2,2,2,2,2,4,3,4,3,3,4,3,4,4,,,,,
2025-10-04 16:30:46,2025-10-04 16:39:42,0,18.29.17.64,100,536,1,2025-10-04 16:39:42,R_639SxwAIrl2UKqd,,,,,42.3649,-71.0987,anonymous,EN,2,2,2,6,6,6,6,6,5,8,2,7,7,7,6,6,8,6,4,4,5,6,6,5,5,4,5,5,5,5,5,1,2,4,1,1,2,4,4,4,5,6,6,6,2,2,2,2,2,3,4,4,2,2,2,5,5,5,Future is still a bit abstract but I do like how I look in the future. It is very reassuring but did not give very good insights on what I could do to reach my goals.,,,,
2025-10-06 10:27:48,2025-10-06 10:40:48,0,76.119.234.101,100,780,1,2025-10-06 10:40:48,R_14JcLnS2GxexZQF,,,,,42.3649,-71.0987,anonymous,EN,2,2,2,6,6,6,7,7,4,7,4,7,3,5,7,7,6,7,5,5,5,5,5,5,5,3,3,3,4,4,4,2,3,4,2,3,2,4,4,5,3,4,5,5,4,2,4,2,1,4,3,3,2,3,3,6,6,2,It helps me portray future details (like where I'm going to live and my job routine) which help me to strongly visualize it.,"It feels like the AI only loop around what I wrote previously. It does not jump out of my vision - rather strengthen my already-had ideas. I'm worry if this would lead people to only think in one perspective, not opening up more opportunities.",,,
2025-10-06 11:59:33,2025-10-06 12:00:32,0,18.27.115.203,100,59,1,2025-10-06 12:00:32,R_32RAV5p2DZ1RYtj,,,,,42.3649,-71.0987,anonymous,EN,1,1,1,1,1,1,1,1,1,1,1,1,1,1,1,1,1,1,1,1,1,1,1,1,1,1,1,1,1,1,1,1,1,1,1,1,1,1,1,1,1,1,1,1,1,1,1,1,1,1,1,1,1,1,1,1,1,1,wbf,sdf,[userId],avatar,
2025-10-06 12:44:28,2025-10-06 12:45:50,0,18.29.125.138,100,82,1,2025-10-06 12:45:51,R_51Fc93MWbutTDRW,,,,,42.3649,-71.0987,anonymous,EN,1,1,1,1,1,1,1,1,1,1,1,1,1,1,1,1,1,1,1,1,1,1,1,1,1,1,1,1,1,1,1,1,1,1,1,1,1,1,1,1,1,1,1,1,1,1,1,1,1,1,1,1,1,1,1,1,1,1,asdf,asdf,123,voice,
2025-10-06 12:52:47,2025-10-06 12:53:40,0,18.29.125.138,100,52,1,2025-10-06 12:53:40,R_5YEGeG3z5WMqydP,,,,,42.3649,-71.0987,anonymous,EN,1,1,1,1,1,1,1,1,1,1,1,1,1,1,1,1,1,1,1,1,1,1,1,1,1,1,1,1,1,1,1,1,1,1,1,1,1,1,1,1,1,1,1,1,1,1,1,1,1,1,1,1,1,1,1,1,1,1,asdf,asdf,21,text,
2025-10-06 13:54:45,2025-10-06 13:55:51,0,166.198.21.123,100,65,1,2025-10-06 13:55:51,R_1fJCXUrby3GXjMl,,,,,42.3602,-71.0594,anonymous,EN,5,5,5,5,5,5,5,,4,3,4,3,3,1,7,8,6,4,5,5,5,5,5,5,5,5,5,5,5,5,5,3,4,4,4,4,4,4,4,4,5,5,5,5,2,2,2,2,2,2,2,2,2,2,2,3,3,3,great,great,test,avatar,
2025-10-06 16:49:08,2025-10-06 16:51:55,0,68.96.38.128,100,167,1,2025-10-06 16:51:56,R_6BW5uaoOKEArqiN,,,,,30.0521,-89.9584,anonymous,EN,3,3,1,5,5,5,8,7,4,7,1,7,4,7,8,7,2,7,5,6,5,6,5,5,5,4,5,5,5,5,5,4,4,5,1,1,1,4,4,5,6,6,6,7,1,1,2,3,1,3,3,3,3,4,3,2,5,4,I think it made me feel less wary of the future and more excited. The responses generally seemed like something older me would say. It's like they knew my personality it was very interesting.,I really enjoyed this. I ended up talking to AI-me way longer than I was supposed to.,67296c945c2b23b3b4f9d079,text,
2025-10-06 16:47:58,2025-10-06 16:53:57,0,70.120.180.7,100,359,1,2025-10-06 16:53:58,R_1IhpaADoz1QpJYd,,,,,31.8211,-106.5739,anonymous,EN,6,6,2,4,3,3,6,5,6,6,6,7,6,5,6,7,6,7,2,3,1,2,1,1,1,3,4,2,1,1,1,2,1,2,2,2,2,3,2,2,5,3,3,5,4,5,4,4,3,2,2,1,2,2,2,3,2,3,Made me a little scared for the future just felt overwhelming and strange. It did really encourage me.,No other comments.,66a02d45a7db35d93c9f6a81,avatar,
2025-10-06 16:52:33,2025-10-06 16:54:08,0,73.148.97.252,100,94,1,2025-10-06 16:54:08,R_5ps1Q5BtNuAZFn3,,,,,39.018,-77.539,anonymous,EN,1,1,1,6,6,5,7,6,6,6,7,6,4,5,6,6,6,6,5,4,4,5,5,5,5,5,4,4,5,5,5,2,2,2,1,1,1,5,4,4,5,6,6,6,1,1,1,1,1,5,5,5,5,5,5,5,5,4,it made me less anxious about being a good father,,60fd6618f9a377f54dcdf318,text,
2025-10-06 16:54:05,2025-10-06 16:57:28,0,67.165.179.16,100,203,1,2025-10-06 16:57:30,R_7DSzqzSfBB9rMyG,,,,,41.9025,-87.6726,anonymous,EN,5,5,3,3,6,6,5,5,5,6,4,5,6,5,5,4,7,6,4,4,4,3,4,4,4,3,3,4,4,4,4,5,5,5,1,1,1,5,5,5,5,5,6,6,2,2,2,2,2,4,4,4,4,4,4,4,4,4,It made me even more amazed and excited about all that AI can do.,This was very interesting and different.,671b277a6d04904df5f9503b,avatar,
2025-10-06 16:54:35,2025-10-06 16:57:58,0,66.42.18.246,100,203,1,2025-10-06 16:57:59,R_7dFQQiGkMsIteUM,,,,,28.4338,-81.3472,anonymous,EN,3,3,3,5,3,5,8,7,5,8,1,8,6,8,8,7,6,8,3,3,3,5,5,5,5,3,3,3,4,4,5,2,4,5,1,1,2,4,4,5,5,4,5,6,4,2,2,4,2,3,4,2,4,4,2,6,6,5,It gave me a sense of peace and assurance. It made me look towards my future with positivity.,,5c3e359b08a31d000166b9aa,text,
2025-10-06 16:58:48,2025-10-06 17:02:48,0,98.51.11.81,100,240,1,2025-10-06 17:02:49,R_65EhSxv0ut1dBJS,,,,,38.5879,-121.4053,anonymous,EN,4,5,3,5,4,5,6,4,8,7,6,6,8,6,8,1,8,4,5,5,5,5,5,5,4,5,5,4,5,6,4,4,4,5,3,4,3,5,5,5,6,7,7,7,2,2,2,3,2,4,3,3,4,4,4,2,5,5,This experience brought me a totally new experience that I wasn't expecting. It was really cool to be able to relate to an older me and to talk to an older me. It brought me a glimpse of what the future may be like for me.,,67414dcbcf89f6a633385d49,voice,
2025-10-06 17:01:09,2025-10-06 17:03:36,0,68.134.247.44,100,146,1,2025-10-06 17:03:37,R_5D2g6asDRGN2u3X,,,,,39.3888,-76.4988,anonymous,EN,1,1,1,7,7,7,7,8,1,7,1,7,1,8,8,8,1,8,3,5,1,5,4,5,4,5,4,5,5,4,5,4,4,4,1,1,1,5,4,4,5,5,5,7,1,1,1,1,1,5,4,4,5,5,4,5,5,5,"It made me realize I may look pretty handsome at 60. Also, it made me what possibilities could be years later on if I indulge in certain fields now. And how to start.",n/a,66463e4efb99fba5a67a010a,text,
2025-10-06 17:00:02,2025-10-06 17:03:52,0,68.194.179.11,100,230,1,2025-10-06 17:03:52,R_61KuPIyUNhzc5rl,,,,,41.3412,-73.882,anonymous,EN,4,3,4,5,4,5,8,6,5,8,4,8,4,8,8,8,6,7,5,5,5,5,6,6,6,6,6,6,6,6,6,3,4,4,2,2,2,5,5,5,6,5,6,7,2,2,3,2,3,3,3,3,3,3,3,6,7,7,"It made me feel less anxious about the future. I feel more secure that life will happen how it happens, and as long as I am working towards goals, that's all I can do--I can't force certain things to happen.",None!,610835949b556d70924fd817,text,
2025-10-06 17:01:24,2025-10-06 17:04:11,0,130.45.30.156,100,167,1,2025-10-06 17:04:11,R_5W2kp2voME8AK65,,,,,30.2661,-97.7136,anonymous,EN,1,1,1,7,7,7,6,6,2,6,6,7,7,7,6,6,6,6,4,4,3,3,4,4,5,4,4,3,4,4,4,5,5,5,1,1,1,5,5,5,6,5,5,6,1,1,1,1,1,3,3,4,4,4,3,4,5,5,I feel a little better and more confident about the future.,Thank you for this.,66a9979ad8c56c6f29446781,avatar,
2025-10-06 17:06:39,2025-10-06 17:09:50,0,73.197.154.140,100,191,1,2025-10-06 17:09:51,R_3pmNvGirXUmznGv,,,,,39.6365,-74.8024,anonymous,EN,1,1,2,6,3,4,7,7,2,7,2,7,2,7,6,2,2,7,2,2,2,2,2,2,2,1,1,1,1,2,2,2,2,4,2,1,1,3,3,4,4,2,5,5,2,2,2,2,2,4,4,4,4,4,4,1,1,1,"I thought it was interesting as it made me think about how quickly 30 years can pass by. ",,5a198755f2e3460001edc5c9,text,
2025-10-06 17:06:57,2025-10-06 17:10:07,0,23.117.218.17,100,190,1,2025-10-06 17:10:07,R_5abGdwKtSjc6KDT,,,,,38.2132,-84.5455,anonymous,EN,2,1,2,6,6,7,7,6,5,7,2,7,4,5,7,6,4,7,5,5,5,5,5,6,5,5,3,4,5,5,5,4,4,4,1,1,1,3,4,4,5,4,5,4,1,1,1,1,1,3,3,3,3,3,3,5,5,5,"Just having someone to root for you which in the small conversation we had is what it was, is huge. It was nice having someone or something be positive.",,676f6e127fe25105c06e8775,text,
2025-10-06 17:08:15,2025-10-06 17:10:28,0,107.10.39.142,100,132,1,2025-10-06 17:10:28,R_5rZks91Lk2JiegA,,,,,41.4344,-81.6373,anonymous,EN,5,5,4,4,5,5,5,8,6,6,4,5,4,3,1,3,3,2,5,5,5,5,5,5,5,5,6,5,5,5,5,4,3,4,4,4,3,4,5,4,6,5,6,5,5,5,4,4,4,4,3,4,4,4,4,5,7,6,it gave me advice and motivation,none,67a8bfb2f846cd3ea9bcd898,text,
2025-10-06 17:09:43,2025-10-06 17:11:40,0,71.85.246.192,100,116,1,2025-10-06 17:11:40,R_5GuY9QIWy82Pq6h,,,,,38.2309,-90.3857,anonymous,EN,6,7,2,3,6,7,6,5,7,6,2,7,3,6,7,6,8,6,5,4,5,6,5,5,5,4,5,4,5,4,5,5,5,4,2,2,2,4,4,4,6,6,7,7,2,1,2,2,1,4,4,5,5,5,5,5,6,6,not really sure it was wild and weird. i looked almost the same and personality wise the same,,628f83dc5398c04bac86f9e6,voice,
2025-10-06 17:08:52,2025-10-06 17:12:58,0,24.128.221.161,100,245,1,2025-10-06 17:12:58,R_69jhL2wPqCpqNta,,,,,41.8993,-84.0402,anonymous,EN,1,2,1,5,4,6,7,6,5,7,2,6,6,7,7,5,7,7,4,5,5,5,3,5,5,3,3,4,4,5,5,3,4,5,2,1,1,5,5,5,7,7,7,7,1,1,1,1,1,5,5,5,5,5,5,6,6,6,"I know it's one 'possibility' of a future, it might not be mine, but maybe it is. I talked a lot with the AI me about my mental struggles and it did seem to help and try to help me see things in a different way which is really useful, and I think I'm going to take some of it's advice and try to apply it and see if I can get better because of it.","Everything worked smoothly, no lag, great responses.",5d90298097a2130015f3fa3c,text,
2025-10-06 17:11:56,2025-10-06 17:14:33,0,45.24.17.89,100,156,1,2025-10-06 17:14:33,R_5uK8CUjZ9TIcfJV,,,,,32.3904,-93.7117,anonymous,EN,1,1,1,6,6,6,7,7,3,8,5,6,5,6,7,7,4,6,4,4,5,4,5,5,5,4,3,4,5,5,5,3,4,4,1,1,1,5,5,5,6,5,6,6,1,1,1,1,1,5,4,5,5,5,5,6,6,6,"It made me look into what I can do to help myself get to where I want to be. ","Everything was great, love the survey",66199822c723a66ae0d5fc24,text,
2025-10-06 17:12:01,2025-10-06 17:14:57,0,68.96.110.52,100,176,1,2025-10-06 17:14:58,R_6tEiPLEEPEKmXnz,,,,,36.1091,-114.9206,anonymous,EN,3,3,3,5,4,5,6,7,5,7,3,6,5,6,7,7,7,6,4,4,4,4,4,4,4,4,4,4,4,4,4,3,4,4,1,1,1,4,5,4,6,6,6,6,2,1,1,1,1,4,4,4,4,4,4,5,6,5,maybe I can give business ownership another shot. maybe things are better when you are older and the future isn't wasted.,,6785704c3b1ab8813a4958b0,avatar,
2025-10-06 17:13:46,2025-10-06 17:16:59,0,174.68.195.156,100,193,1,2025-10-06 17:17:00,R_16YcaGlJeUVmnhT,,,,,33.1617,-117.2429,anonymous,EN,5,3,1,6,7,7,8,7,2,8,1,8,7,6,7,4,6,4,1,1,1,1,6,6,6,6,6,6,6,6,6,1,4,5,1,1,1,5,5,5,4,7,7,7,3,1,1,1,1,5,4,3,4,5,5,7,7,7,It was very good made me feel happy and like I want to achieve more.,,65e122e74d202ea19cde5055,text,
2025-10-06 17:11:26,2025-10-06 17:18:23,0,69.142.3.0,100,416,1,2025-10-06 17:18:23,R_5kpt9yXLV7Yamg2,,,,,40.0881,-74.1195,anonymous,EN,6,6,4,3,3,4,6,7,6,6,2,4,7,5,1,1,7,6,1,3,1,2,4,4,5,3,3,2,4,4,4,4,4,4,4,2,4,3,4,4,3,5,5,6,2,2,2,2,1,4,3,4,4,4,4,2,2,2,"Talking to my ""future self"" made me put into perspective the trauma I've experienced and exactly how much time it takes to recover from it. It made me realize I should not rush myself or set an imaginary timeline for recovering, and that I'm still working hard every day, just at something else: recovering from trauma that I still haven't fully healed from. ","This task honestly broke my heart. I really do not think I will ever be or have any of the things my ""future self"" discussed. Doing this task made me realize that more than ever, and just gave me a feeling of melancholy. Even so, I liked the ideas that the AI presented, and the AI did help me to see my current life in a new perspective. ",6643cbd6903cfc9bd5d0be09,text,
2025-10-06 17:16:36,2025-10-06 17:19:20,0,64.98.58.73,100,164,1,2025-10-06 17:19:21,R_3ald0lLnLjyscfk,,,,,39.6511,-104.9921,anonymous,EN,2,2,2,5,5,5,6,6,2,6,3,6,5,6,6,6,5,6,3,3,3,3,3,3,3,4,4,4,,4,4,2,2,2,2,2,2,2,2,2,5,3,5,4,2,2,4,4,2,2,2,2,2,2,2,2,2,2,It didn't really change things for me.,,6015ba06aa02256df4792d15,text,
2025-10-06 17:15:42,2025-10-06 17:20:05,0,107.77.222.139,100,263,1,2025-10-06 17:20:05,R_5f1xOjbi6FLESdW,,,,,30.0106,-95.4498,anonymous,EN,5,5,2,6,6,6,8,8,3,8,1,5,8,8,5,5,5,6,5,5,5,5,6,6,6,6,6,6,6,6,6,5,5,5,1,1,1,5,5,5,6,3,5,6,1,1,1,1,3,4,4,4,4,4,4,7,7,7,It gave me an image of my future self. It made me feel like I would make it.,,668b37077c15ef8634f2121c,avatar,
2025-10-06 17:19:41,2025-10-06 17:25:33,0,46.110.179.173,100,351,1,2025-10-06 17:25:33,R_3gIRXbvYBB2TqaG,,,,,41.4943,-90.5001,anonymous,EN,5,2,1,5,4,6,5,5,8,6,3,4,8,6,5,4,8,5,5,5,5,5,3,3,3,3,3,3,3,3,3,4,4,4,2,1,1,4,4,4,6,6,6,6,2,1,1,1,1,4,4,4,4,4,4,3,3,3,It really didnt change my perception of future me much at all.,"Was definitely interesting having a conversation and seeing my future self, a very interesting study.",62c63362e7342ad8be294866,voice,
2025-10-06 17:23:40,2025-10-06 17:26:28,0,24.186.234.117,100,167,1,2025-10-06 17:26:30,R_1Ldx47OIIgCN589,,,,,41.0641,-73.548,anonymous,EN,1,1,1,1,1,1,7,7,5,6,4,6,5,6,8,6,6,8,1,1,1,1,6,6,6,4,5,5,5,5,5,1,1,1,1,1,1,5,5,5,5,6,7,7,4,5,5,5,5,3,3,3,2,2,2,7,7,7,It didn't really influence or shape my perception of the future it just gave me a heads up of what's to come,,6745731e75a88802a56be3ef,voice,
2025-10-06 17:18:04,2025-10-06 17:26:59,0,69.138.57.85,100,535,1,2025-10-06 17:26:59,R_1S4PNYGmu1aL38d,,,,,36.3834,-86.4512,anonymous,EN,3,5,1,3,5,6,6,7,2,7,2,6,1,6,6,2,1,6,2,4,3,3,3,4,5,4,4,3,4,4,5,3,4,5,2,1,1,4,4,5,5,6,6,6,2,1,1,2,2,4,4,4,5,5,4,4,6,5,It made me think of the future in a more positive light. It gave me hope that things will get better.,None,67884b1aa6c55d9dd2388778,avatar,
2025-10-06 17:25:08,2025-10-06 17:27:31,0,136.52.20.104,100,143,1,2025-10-06 17:27:32,R_1oTqJw9YarsbmUq,,,,,33.7389,-117.748,anonymous,EN,3,3,3,5,5,5,6,7,3,7,2,7,2,7,7,7,3,7,5,5,5,5,5,5,5,5,5,5,5,5,5,2,3,4,2,2,2,4,4,4,6,5,6,6,2,2,2,2,2,4,4,4,3,3,2,5,5,5,It made me feel really good about my future.,I actually liked this survey. I found it to be interesting.,671eefb130967a416003ffea,voice,
2025-10-06 17:25:28,2025-10-06 17:28:49,0,96.234.36.212,100,200,1,2025-10-06 17:28:49,R_6AOpoi6PgBlAKZ3,,,,,40.9373,-74.1563,anonymous,EN,6,6,3,3,5,5,6,6,5,6,2,5,6,5,6,5,6,6,4,4,4,4,4,4,3,4,5,4,4,4,3,4,3,4,3,2,3,4,4,4,6,5,6,6,3,3,4,4,3,3,3,3,4,4,3,5,5,4,"i think it was a cool project, definitely a little starling without knowing what was coming. I think it was pretty realistic and interesting to see. It kind of helps me visualize the future a bit better.",n/a,5ac5260dfa3b4e0001736dd3,avatar,
2025-10-06 17:26:26,2025-10-06 17:29:17,0,70.40.79.140,100,171,1,2025-10-06 17:29:18,R_6guLQMzNmtHvkFY,,,,,34.2563,-78.0447,anonymous,EN,5,5,5,3,3,3,3,4,6,4,6,3,6,3,4,1,7,2,3,3,3,3,4,4,4,3,3,3,3,3,3,3,4,5,1,1,1,1,4,4,7,7,7,7,1,1,1,1,1,5,4,4,4,4,4,5,5,5,"It felt good hearing that my future would go well. Even if it was just an AI, it felt reassuring talking to my future self and hearing that I became successful and accomplished my dreams.",Thanks for inviting me.,5c7cf8b58ca9000001b52f6e,avatar,
2025-10-06 17:29:49,2025-10-06 17:34:37,0,70.188.239.123,100,288,1,2025-10-06 17:34:38,R_7xF90bvSBv6JFjt,,,,,30.4863,-87.1829,anonymous,EN,1,5,1,4,7,7,8,8,1,8,1,8,1,8,8,7,3,8,4,5,6,6,6,6,6,6,5,6,6,6,6,5,5,5,1,1,1,5,5,5,6,6,7,7,1,1,2,1,1,5,3,4,5,5,5,5,5,6,It made my perception more clear and my goals seem more attainable. It made the future seem even brighter than I had imagined it being.,"This experience was amazing, i was not expecting this at all. By far the most enjoyable study I have ever done.",660cda55786e37b1cbb49717,voice,
2025-10-06 17:30:31,2025-10-06 17:35:18,0,108.53.131.245,100,286,1,2025-10-06 17:35:18,R_12WMTAEivmMXdDf,,,,,40.3209,-74.4208,anonymous,EN,2,2,1,7,7,7,8,8,1,8,1,8,8,8,8,8,5,8,3,4,4,4,4,5,5,5,4,5,6,5,6,4,4,4,2,2,2,5,5,5,5,4,5,6,2,2,2,2,2,5,5,5,5,5,5,6,6,6,I believe everything will turn out alright if I stick with my principles and work hard.,Kind of unreal but very interresting.,6789ac8527bbce25fe21a7a4,voice,
2025-10-06 17:35:44,2025-10-06 17:38:36,0,172.222.32.30,100,172,1,2025-10-06 17:38:36,R_3qJoU8WzpttwTHi,,,,,45.0617,-83.4327,anonymous,EN,1,5,1,5,6,6,8,8,1,8,1,7,5,8,8,8,2,8,5,5,5,5,6,6,5,6,5,6,6,6,6,5,5,5,1,1,1,5,5,5,6,6,6,6,1,1,1,1,1,4,4,5,4,4,4,7,7,7,"It made me feel hopeful, as if I could see myself in that future self.",,60ce89c7357eeffe77fca946,avatar,
2025-10-06 17:37:21,2025-10-06 17:40:31,0,24.61.182.53,100,190,1,2025-10-06 17:40:31,R_1YM3PjbuET6cCrn,,,,,42.991,-71.4891,anonymous,EN,6,6,1,1,6,6,8,8,8,8,1,8,8,7,7,2,8,5,5,6,6,6,6,6,6,5,6,5,6,6,6,5,5,5,1,1,1,5,5,5,7,7,7,6,1,1,1,1,1,4,4,5,5,5,5,7,7,7,This experience made me more open-minded to the different possibilities of the future and made me feel more at ease about things that I have been perseverating over and preoccupied about,I loved this study,666559e634fffd1ce19ba654,voice,
2025-10-06 17:27:24,2025-10-06 17:41:51,0,98.26.71.77,100,866,1,2025-10-06 17:41:51,R_52xYbINQ54f3kFM,,,,,35.8015,-80.8967,anonymous,EN,2,1,1,6,5,6,8,8,5,7,3,8,7,7,8,8,5,7,4,4,5,5,5,5,5,5,5,5,5,5,5,4,4,5,1,1,1,4,5,5,6,6,6,6,1,1,1,1,1,4,3,4,4,4,4,6,6,6,It gave me motivation to achieve my goals.,n/a,58a1fe40ea3d11000170d9b9,text,
2025-10-06 17:36:06,2025-10-06 17:45:18,0,96.225.77.42,100,551,1,2025-10-06 17:45:18,R_5EDOgYMAG10OSvm,,,,,40.6679,-74.1178,anonymous,EN,1,7,5,1,1,2,2,2,5,6,2,4,1,2,6,3,6,2,1,2,1,1,2,1,3,3,3,2,1,3,2,3,2,1,2,3,4,4,2,3,5,1,2,5,5,5,5,5,5,1,1,1,1,1,1,2,1,1,It didn't.,I really hope you don't use my voice anything I wouldn't approve off.,58adfc6e7cf56d0001f931a2,avatar,
2025-10-06 17:44:46,2025-10-06 17:49:22,0,216.49.22.156,100,276,1,2025-10-06 17:49:23,R_12DfSOXRg1l4ZWQ,,,,,41.0274,-76.0036,anonymous,EN,5,7,1,3,1,7,6,8,8,6,8,8,8,6,1,5,8,8,2,5,5,6,4,6,6,5,3,5,4,6,6,5,5,5,1,1,4,5,5,5,6,5,6,7,3,1,1,1,1,4,3,4,3,5,4,4,5,4,It gave me hope for my future. The AI was telling me that all my struggles eventually worked out and I overcame a lot of the obstacles I was dealing with. It felt comforting and reassuring.,"This was so cool but terrifying at the same time. ",60c8467d9872c0d83f695499,avatar,
2025-10-06 17:49:33,2025-10-06 17:52:37,0,35.145.40.128,100,183,1,2025-10-06 17:52:37,R_3NXmMvwfp0zBNhy,,,,,28.5464,-81.2585,anonymous,EN,2,2,2,6,6,7,7,7,2,7,2,6,2,7,7,5,2,6,2,5,5,5,5,5,5,3,3,3,3,3,3,3,3,5,1,1,1,5,5,5,7,7,7,7,1,1,1,1,1,5,5,5,5,5,5,6,6,6,"It made me feel confident I can achieve the things I want in life. ",,66ecded667f721bca7e5609d,text,
2025-10-06 17:50:15,2025-10-06 17:57:01,0,24.192.168.61,100,406,1,2025-10-06 17:57:02,R_7uPNJHKls8XfH65,,,,,42.6206,-82.9608,anonymous,EN,1,1,1,7,7,7,5,8,1,5,1,5,5,5,8,5,1,8,4,4,4,4,5,5,5,4,4,3,5,5,5,1,1,3,1,1,1,5,5,5,5,2,5,5,3,3,3,3,1,3,1,3,3,3,3,4,4,4,"This experience shaped my perception of the future by helping me think more about ways that my life could be different in the future with the information that was provided to me in this conversation from my ""future self"".","I think that this experience was very unique and interesting overall. I had a fun time having this experience because of the unique perspectives that were shared to me by my ""future self"" during this experience.",62d43cee3d60ac98c1dcacc8,voice,
2025-10-06 17:48:01,2025-10-06 17:57:56,0,67.176.200.194,100,595,1,2025-10-06 17:57:57,R_7EHe9sZCAiiVRWT,,,,,41.6904,-87.6157,anonymous,EN,1,1,6,6,4,6,7,3,6,6,3,5,6,6,4,3,2,5,3,4,5,3,5,5,5,3,4,4,5,5,5,4,4,4,1,1,1,4,4,4,6,6,6,7,3,2,2,2,2,4,3,4,4,4,4,5,6,5,It made me more motivated on focusing on my art. It also reinfoced the idea i had about focusing what im working on,,5e850b0e390e520ec806b084,text,
2025-10-06 17:54:01,2025-10-06 17:59:17,0,174.228.230.88,100,316,1,2025-10-06 17:59:18,R_5CuXtrWvvxbIHnL,,,,,39.7513,-74.9999,anonymous,EN,4,5,2,3,5,5,6,5,3,6,6,5,6,6,6,4,7,4,3,3,2,3,3,3,4,4,3,3,4,3,3,4,4,4,2,2,4,4,5,5,5,5,5,6,3,3,4,3,2,2,2,3,3,4,3,5,5,5,It made me think I should pursue things sooner than later and see now as the time. I want to make my future happen now instead of putting things off.,,57656f6c2bfddf000125cce5,avatar,
2025-10-06 18:00:27,2025-10-06 18:03:34,0,24.45.3.35,100,186,1,2025-10-06 18:03:35,R_169lSHXBgdNta5b,,,,,40.8731,-74.7426,anonymous,EN,3,2,2,5,5,5,6,6,3,7,3,7,6,6,6,6,2,6,5,5,5,5,5,5,5,4,5,4,5,4,5,4,4,4,2,2,2,4,4,4,5,5,6,5,2,2,4,3,2,4,3,3,3,3,3,5,5,5,It was actually really encouraging and I enjoyed it.,,677991de3695b0255b8c8bd2,avatar,
2025-10-06 18:04:50,2025-10-06 18:07:24,0,70.228.76.115,100,153,1,2025-10-06 18:07:24,R_7RlvIUGvKiBFzuQ,,,,,37.26,-121.9173,anonymous,EN,1,1,1,5,5,5,7,7,3,7,2,7,6,7,8,6,5,7,5,5,5,5,4,5,5,4,5,4,5,5,5,3,3,4,2,2,2,3,3,4,6,5,5,6,2,1,1,2,2,3,3,3,3,3,3,4,5,4,It was neat to see what I might look like in 30 years or so. I felt the advice the AI gave though was generic and definitely had that Chat GPT feel to it.,,57d6dd8d6598aa000199188b,text,
2025-10-06 18:04:24,2025-10-06 18:10:37,0,174.227.250.38,100,373,1,2025-10-06 18:10:38,R_3Q5uVQabYtD6SYi,,,,,28.5177,-81.4508,anonymous,EN,2,1,2,6,7,6,8,7,1,2,1,8,5,8,7,8,1,8,5,6,5,6,6,5,6,6,5,6,5,6,5,4,5,4,1,2,1,5,4,5,6,6,6,7,1,2,1,2,1,5,4,5,4,5,4,6,7,6,"I thought it was amazing how it emulated my voice and gave me a realistic scenario I could see myself in! I was fascinated by it and it really got me to thinking about the future and how things will really be. I am ready to take the steps I need to secure my future! ! ","This was amazing! I really enjoyed the study and wished I could have done it a little longer! ! ! ",6722b6b9cb69415ce7f4c688,voice,
2025-10-06 18:12:23,2025-10-06 18:16:19,0,174.231.132.74,100,236,1,2025-10-06 18:16:19,R_3rIAA9Mgocb64Ic,,,,,47.6109,-122.3303,anonymous,EN,1,2,1,6,6,7,6,7,5,7,3,8,5,6,7,4,5,7,3,5,4,5,5,5,5,3,4,3,5,5,5,1,5,5,1,1,1,4,5,5,7,6,6,5,2,2,1,1,1,3,5,5,4,3,3,6,7,5,"It encouraged and motivated me to keep trying and keep working towards what I want to accomplish. ","This was very fun. ",671d553e0d035028da7d29a1,text,
2025-10-06 18:14:07,2025-10-06 18:16:55,0,73.33.36.237,100,167,1,2025-10-06 18:16:55,R_78Sx1GVXud6U382,,,,,39.4494,-74.7307,anonymous,EN,2,2,2,6,3,6,6,6,3,6,3,7,3,6,7,5,3,5,4,3,4,5,5,5,5,4,3,3,4,5,4,2,2,4,1,1,1,5,4,5,6,6,6,5,2,2,2,2,1,4,4,3,4,4,4,5,6,5,It made me rethink things and I will be definitely working on myself as a result.,,5a98d411f05361000171ebe7,text,
2025-10-06 18:14:13,2025-10-06 18:17:50,0,98.26.71.77,100,217,1,2025-10-06 18:17:51,R_3kUEY8shW0TJLif,,,,,35.8015,-80.8967,anonymous,EN,2,1,1,7,5,5,8,8,4,7,4,8,7,8,8,8,6,8,4,5,6,6,5,5,5,6,6,6,6,6,6,5,5,5,1,1,1,4,4,5,3,3,2,2,4,3,4,4,2,3,3,3,3,3,2,4,5,4,I thought I could achieve my goals but it seemed unrealistic how the avatar talked about it and made everything seem so easy.,n/a,58a1fe40ea3d11000170d9b9,avatar,
2025-10-06 18:16:11,2025-10-06 18:18:52,0,24.130.93.19,100,161,1,2025-10-06 18:18:52,R_6GDhKCcP5jYgeYO,,,,,37.5742,-122.325,anonymous,EN,2,2,2,5,4,5,7,7,3,7,3,8,5,6,8,8,6,6,4,4,4,5,4,4,4,3,3,4,3,4,4,4,3,4,2,2,1,3,3,4,5,3,5,5,2,3,2,2,3,4,3,4,4,4,4,5,5,5,"Well it certainly painted a very positive picture of the future, and likely would invoke optimism in the listener. The voice wasn't quite mine, and i could discern a difference. The photo was better.",,6759fa50a9bb240e423de357,voice,
2025-10-06 18:15:34,2025-10-06 18:18:59,0,172.226.87.115,100,205,1,2025-10-06 18:19:00,R_1UGvS6gHC8IoLsd,,,,,39.0469,-77.4903,anonymous,EN,4,1,1,6,4,7,5,3,5,5,4,5,6,4,4,5,3,6,5,3,5,6,5,4,6,5,5,5,6,4,5,5,5,5,1,1,1,5,5,5,7,6,6,5,3,3,1,1,1,4,4,4,4,4,5,4,4,4,I feel like the conversation and experience helped influence and shape my perception on the future by making me more optimistic on what I could accomplish,,6797d5ada6654ec99f741b08,voice,
2025-10-06 18:18:50,2025-10-06 18:22:55,0,74.68.36.169,100,244,1,2025-10-06 18:22:55,R_7mLBFRQF3ce6k4R,,,,,40.7157,-74,anonymous,EN,1,1,5,6,1,4,6,6,1,6,3,6,6,6,7,4,5,6,2,2,2,2,3,3,3,2,2,2,3,3,3,4,4,4,2,1,1,3,3,4,5,5,5,7,3,3,4,4,3,2,2,3,3,3,3,2,2,2,"It made me think a bit more about the future, but I still really can't imagine my life that far ahead",This was an interesting experience!,663a7af013938e6bbfb065d5,text,
2025-10-06 18:21:47,2025-10-06 18:23:35,0,68.134.247.44,100,108,1,2025-10-06 18:23:36,R_7oAtsAOopc7bxJn,,,,,39.3888,-76.4988,anonymous,EN,1,1,1,7,7,7,7,8,1,8,1,8,1,8,8,8,1,8,3,5,2,5,5,5,5,4,4,4,5,5,5,4,5,4,1,1,1,5,5,5,5,5,5,6,1,1,1,1,1,5,4,4,5,5,4,5,4,5,I think it allowed me to perceive things from a future perspective that I wouldn't have comprehended before.,n/a,66463e4efb99fba5a67a010a,avatar,
2025-10-06 18:17:15,2025-10-06 18:24:13,0,73.91.134.135,100,417,1,2025-10-06 18:24:13,R_1G35HUf6nVGPtD3,,,,,35.164,-89.7826,anonymous,EN,2,2,2,6,7,7,6,8,6,7,2,7,2,6,7,8,3,8,5,6,6,6,6,6,6,5,5,5,6,6,6,4,4,5,1,1,1,5,5,5,7,7,7,7,2,1,2,1,1,4,4,4,4,4,4,6,7,6,"This experience provided a really positive perception of my future that gave me hope. The responses were extremely personal like grabbing my spiritual relationship with God into it and my personal hobby in gaming incorporated into the responses. 

It felt like a mix of awe and creepy, but more so fascination!  Like ""WOW, the accuracy!"" Also, I thought like ""How do you know this about me?!"" Lol","I like the AI rendered 60-year-old look of myself. I look good! ",6630f48f17953c0cd655713e,text,
2025-10-06 18:23:18,2025-10-06 18:26:10,0,73.133.191.45,100,171,1,2025-10-06 18:26:10,R_7ln89sn4zyaG0C2,,,,,39.2891,-76.5583,anonymous,EN,5,5,3,3,5,4,7,6,6,7,3,7,4,7,7,7,6,7,2,4,3,4,4,4,4,2,2,2,4,4,4,2,2,3,3,2,2,3,3,4,3,3,4,4,3,3,4,4,3,2,2,3,3,3,2,3,3,3,"It didn't, it was pretty clearly recycling what I had fed it about my life. It honestly felt creepy",,60fd6e6d7b35102b8ca961a5,voice,
2025-10-06 18:23:24,2025-10-06 18:26:48,0,71.150.221.208,100,203,1,2025-10-06 18:26:48,R_7bW5MrjFTQK2e9o,,,,,32.8646,-96.7884,anonymous,EN,5,7,1,3,5,7,6,7,3,3,7,3,6,5,6,6,6,7,4,3,4,4,5,4,4,1,2,2,1,2,2,1,1,4,1,1,1,5,4,5,5,3,6,7,3,1,4,3,1,3,4,3,3,4,3,4,4,4,"It made me think more positively about the future and this time in my life.  ",N/A,66553eb5f10b5700001d20de,voice,
2025-10-06 18:25:54,2025-10-06 18:27:37,0,73.148.97.252,100,102,1,2025-10-06 18:27:37,R_1f7oa3Oto58KxJw,,,,,39.018,-77.539,anonymous,EN,1,1,1,6,5,6,7,6,1,6,1,6,4,6,7,7,2,7,5,5,4,4,5,5,5,5,4,5,5,5,4,2,2,2,1,1,1,5,5,5,6,6,6,6,1,1,1,1,1,4,4,4,4,4,4,6,5,4,"it made me les anxious about the future and about being a good father ","thank you ",60fd6618f9a377f54dcdf318,avatar,
2025-10-06 18:30:33,2025-10-06 18:32:21,0,73.169.117.139,100,107,1,2025-10-06 18:32:21,R_71YOawMQzgt4DmN,,,,,39.8294,-104.9095,anonymous,EN,1,1,1,7,7,7,8,8,7,7,8,6,7,7,8,8,7,8,5,5,5,5,6,6,6,5,5,6,6,6,6,1,1,4,1,1,1,5,5,5,6,6,6,6,4,4,5,5,5,4,4,4,5,5,4,6,6,6,It made me more optimistic for the future and what is to come.,none,610508c09d61c098f072605b,text,
2025-10-06 18:30:30,2025-10-06 18:33:43,0,47.34.5.241,100,193,1,2025-10-06 18:33:44,R_3yQnTMlHWJdwybL,,,,,42.6331,-88.6437,anonymous,EN,2,2,2,2,2,2,6,6,4,6,5,6,5,6,6,6,5,6,4,4,4,4,3,3,3,3,3,3,3,3,3,1,1,2,5,2,5,1,1,4,3,2,1,1,4,2,2,3,1,3,3,3,3,3,3,4,4,4,"It did not the conversation was lame ",Thank you for the study it was way different that anything I have done before,649754db1c54fad23e345093,avatar,
2025-10-06 18:31:02,2025-10-06 18:34:49,0,50.49.205.85,100,227,1,2025-10-06 18:34:50,R_59rYwabuChRKXqa,,,,,41.328,-74.1894,anonymous,EN,1,1,1,6,1,1,7,7,2,7,2,7,7,7,7,7,2,7,4,4,4,4,3,3,3,3,3,3,3,3,3,4,4,4,2,2,2,3,3,4,5,6,6,6,2,2,2,2,2,3,3,3,3,3,3,4,4,4,not really much but it was interesting,the image it generates of your older self was cool,5930c7fdfa699e0001017cc1,text,
2025-10-06 18:38:19,2025-10-06 18:42:01,0,172.3.163.67,100,222,1,2025-10-06 18:42:01,R_6dPTd0UMVFXJ4jK,,,,,29.2007,-81.0388,anonymous,EN,2,1,4,5,3,4,4,3,3,3,5,4,5,2,6,6,4,6,1,2,2,3,4,4,4,3,2,3,4,4,4,3,2,2,4,3,2,2,1,2,4,2,4,5,4,3,3,4,3,2,2,3,2,1,3,5,4,4,"not much but it would be nice if i did live in vancouver for real. ",the ai stopped working after a few minutes it wouldnt respond to me,6759153b3eedcded280918ce,voice,
2025-10-06 18:41:00,2025-10-06 18:42:20,0,76.86.27.121,100,80,1,2025-10-06 18:42:21,R_5M98oihqSwoOtLj,,,,,34.1449,-118.3887,anonymous,EN,6,2,1,7,7,7,6,6,7,7,8,8,7,7,7,7,8,8,6,6,6,5,5,5,6,6,6,5,5,5,6,5,5,4,4,4,4,4,4,5,7,6,7,7,4,4,4,4,3,4,4,4,4,4,4,6,6,7,it made me think more on my expenses and investments.,the ai image of future me was insanely good.,62bb42e2f21cfdb280cc975f,text,
2025-10-06 18:38:38,2025-10-06 18:43:33,0,108.54.202.16,100,295,1,2025-10-06 18:43:34,R_7feIMxYwybHFPhg,,,,,40.6764,-73.8753,anonymous,EN,3,2,2,4,5,6,8,7,6,7,1,8,6,8,8,7,7,8,2,4,5,4,6,5,5,4,3,5,5,4,5,2,2,4,1,1,1,4,5,5,5,3,5,6,2,1,2,2,1,4,3,4,5,4,5,5,6,6,"I got encouraged to focus on my plans, and future me helped me trust myself more. I think my future is bright because we can achieve so much in  few years time ",,663a3ec623585cdc234e2dc5,text,
2025-10-06 18:43:36,2025-10-06 18:46:00,0,47.34.155.35,100,143,1,2025-10-06 18:46:00,R_6bW5w9DHFugIpzR,,,,,34.4802,-117.4093,anonymous,EN,1,1,1,5,4,1,6,6,3,6,1,1,6,4,5,5,5,5,1,1,1,1,3,3,4,2,2,2,2,2,2,2,2,2,3,2,,3,2,2,3,,3,5,2,2,2,2,2,2,2,2,2,2,2,3,3,3,it did give me an idea of what i want to do and end up in life,i understand your attempt  to make ai real but it always feels so strange and robotic,6104d73b7cdac0a47a905f0d,voice,
2025-10-06 18:48:11,2025-10-06 18:51:39,0,184.92.125.74,100,207,1,2025-10-06 18:51:40,R_7Ioth0PfHfGIBAG,,,,,30.7187,-97.7533,anonymous,EN,1,1,1,7,7,7,8,8,1,8,4,8,6,8,6,8,2,7,5,5,5,5,5,5,5,5,5,5,5,5,5,1,1,5,1,1,1,5,5,5,6,6,7,7,1,1,1,1,1,4,4,4,4,4,4,6,6,6,thev experience motivated me to achieve my goal,none,668bf688d58206e61f399a88,voice,
2025-10-06 18:51:39,2025-10-06 18:54:51,0,68.134.247.44,100,191,1,2025-10-06 18:54:51,R_63Tx74viFimzLPP,,,,,39.3888,-76.4988,anonymous,EN,1,1,1,7,7,7,7,8,1,8,1,8,1,8,8,8,1,7,4,4,2,4,5,5,5,5,4,4,5,5,5,4,5,5,1,1,1,4,5,5,5,5,6,6,1,1,1,1,1,5,4,5,5,5,5,6,5,5,It gave me some ideas that I actual haven't thought about for engineering paths.,Very cool!,66463e4efb99fba5a67a010a,voice,
2025-10-06 18:54:10,2025-10-06 18:58:01,0,24.115.49.185,100,230,1,2025-10-06 18:58:01,R_7hihyYsSK0wpoud,,,,,40.9485,-75.9565,anonymous,EN,3,2,1,5,6,7,7,8,2,8,2,7,6,7,7,7,3,7,5,5,5,5,5,6,5,6,5,5,6,5,5,4,4,5,1,1,1,5,5,5,3,6,6,5,2,1,1,2,1,4,4,4,4,4,4,4,6,4,"It actually made me think more positively and, despite being VERY uncanny, it did spark new thoughts in my mind - very interesting.",One of the most creative uses of AI with a lot of potential!,6296ecaf7ea72c4951583ffd,voice,
2025-10-06 18:55:15,2025-10-06 18:59:45,0,96.19.76.16,100,270,1,2025-10-06 18:59:46,R_1V0aBfkQtNP61yN,,,,,43.6502,-116.4343,anonymous,EN,2,2,1,7,7,7,8,8,7,8,2,8,3,8,8,7,6,7,2,5,5,5,6,6,6,6,6,6,6,6,6,5,5,5,1,1,1,5,5,5,5,5,6,5,1,1,1,1,1,5,5,5,5,5,5,6,7,7,"It made me realize just how possible the future I want and, honestly, made me tear up a little. Even the smallest steps can still help me achieve my dream, and I must keep working. Every sketch, every paragraph, every story builds to something better.","The mouth didn't move very much, and the face did glitch, so it was a bit uncanny. I also found that it didn't respond to me at one point, and I had to wait for it to reconfigure. ",6621a2f38453311275d17d65,avatar,
2025-10-06 19:00:11,2025-10-06 19:04:31,0,50.26.168.212,100,259,1,2025-10-06 19:04:32,R_5QbGkQsWEE7G6L1,,,,,33.5982,-101.8758,anonymous,EN,2,2,2,6,6,6,7,7,2,7,7,7,7,7,7,7,7,7,5,5,5,5,5,5,5,5,5,5,5,5,5,2,4,4,2,2,2,4,4,4,6,6,6,6,2,2,2,2,2,4,4,4,4,4,4,6,6,6,The system gives me a clear way to achieve my aim,the  AI is very smart.,668525b0e1eff8d40c686ec0,text,
2025-10-06 19:01:04,2025-10-06 19:06:05,0,99.26.148.250,100,301,1,2025-10-06 19:06:06,R_14NPDnSuBQGTgJv,,,,,33.7871,-117.8821,anonymous,EN,1,1,1,6,6,6,8,8,1,7,1,8,1,8,8,8,1,8,6,6,6,6,6,6,6,6,6,6,6,6,6,4,4,4,1,1,1,4,4,4,6,6,6,6,1,1,1,1,1,4,4,4,4,4,4,4,4,4,It made me feel more positive about the future and look forward to it.,I have no other comments.,5fba9fdd33207faa35f61df3,voice,
2025-10-06 19:03:45,2025-10-06 19:07:34,0,208.66.211.6,100,229,1,2025-10-06 19:07:35,R_5K6xIQG97bqtDUF,,,,,41.2925,-82.219,anonymous,EN,5,5,3,3,3,5,6,6,5,7,2,7,6,7,7,7,5,7,5,5,5,5,4,4,4,5,5,5,5,5,5,4,4,4,2,2,4,4,4,4,5,5,5,5,3,3,2,2,2,4,4,4,4,3,3,5,5,5,"I can see the dreams I have for myself coming into fruition. ",,663aa6420a964c2a7740b9d7,avatar,
2025-10-06 19:03:37,2025-10-06 19:13:59,0,174.204.67.170,100,622,1,2025-10-06 19:13:59,R_5p3D05OXmZJ13oa,,,,,47.6109,-122.3303,anonymous,EN,1,2,2,5,6,7,8,7,2,7,2,7,2,7,8,7,4,7,5,4,5,5,5,5,5,5,4,4,4,5,5,2,4,5,1,1,2,5,4,5,6,5,6,6,2,2,2,2,2,4,3,4,4,4,4,5,5,4,It allowed me to realize the positives that exist and had me focus on the good and served as a way of having me stay focused on what matters and the abilities that I could achieve or do to make an effort and find a new place in the world in the coming future and gives hope for a better brighter tomorrow. It also has me realize or shape my perception of the future of being possible to asercertain if I keep working on the things that motivate me to keep the ideas current and in reach.,I appreciated that it kept going forward and moved into a new area during tough moment of memory recall and skimmed over actions that may be depressing or worrisome to build from them in a positive manner.,673378009f99d14c232c1f2b,text,
2025-10-06 19:08:32,2025-10-06 19:14:14,0,47.232.124.67,100,341,1,2025-10-06 19:14:14,R_1Wj4HtOZepkw6m5,,,,,38.4481,-91.0193,anonymous,EN,1,1,1,6,6,6,8,8,2,8,1,7,7,7,8,6,4,7,5,5,5,5,5,5,5,5,5,5,5,5,5,4,4,4,2,2,2,4,4,4,6,5,6,6,2,2,2,2,2,4,3,4,4,4,4,5,5,5,It was shocking how accurate it sounded.,na,663a4e1d7e5525f5851d04c5,text,
2025-10-06 19:13:39,2025-10-06 19:14:55,0,96.233.158.14,100,76,1,2025-10-06 19:14:56,R_1MLjToU5SyMuEFP,,,,,41.8451,-71.4388,anonymous,EN,1,1,1,5,5,5,7,7,7,6,1,8,1,7,7,7,1,7,4,4,4,4,4,4,4,4,4,4,4,4,4,4,4,4,1,1,1,4,4,4,5,6,6,6,1,1,1,1,1,5,5,5,5,5,5,6,6,6,"It makes me feel more hopeful about my future ",,62a885d5b6af18b3d4579e1b,avatar,
2025-10-06 19:19:22,2025-10-06 19:22:27,0,24.198.97.245,100,184,1,2025-10-06 19:22:27,R_6eWJnoeTMxRlbsH,,,,,44.9342,-68.6453,anonymous,EN,2,3,2,5,6,6,7,7,5,7,2,6,4,5,7,6,6,6,4,5,4,5,5,5,4,4,3,4,4,4,3,4,3,4,2,1,1,4,4,5,3,3,4,6,2,2,1,2,2,3,4,4,3,3,4,3,5,3,"I think it made me think about why I am working as hard as I am right now, as it makes me want to be able to look back at some point and know that it was all worth it.",,6287a504c4cb277cf781b6bb,text,
2025-10-06 19:27:21,2025-10-06 19:29:52,0,68.33.68.49,100,150,1,2025-10-06 19:29:52,R_1PBgFU9Bj17Mbqa,,,,,39.0851,-77.059,anonymous,EN,1,1,1,5,7,7,7,7,1,8,1,8,6,7,8,7,7,7,5,5,5,5,5,6,5,5,5,5,5,5,5,4,4,5,4,1,1,4,5,5,7,7,7,7,1,1,1,1,1,4,4,5,5,4,4,5,5,6,It makes me want to work harder to achieve this future. I like where I will be in the future and that makes me less stressed out about my future.,The study took forever to connect to my future self.,564e93659b124900127eb55b,avatar,
2025-10-06 19:30:57,2025-10-06 19:34:05,0,216.49.22.156,100,188,1,2025-10-06 19:34:06,R_3cTiHxF8ckqfZWZ,,,,,41.0274,-76.0036,anonymous,EN,1,1,1,7,1,7,6,8,8,6,8,8,8,6,1,4,8,8,2,4,2,5,6,6,6,3,3,2,6,6,6,4,5,5,1,1,1,5,5,5,4,3,5,4,1,1,1,1,1,4,3,5,5,5,4,5,7,7,"It gave me the ability to conceptualize what path I'm going down, and that I'm much more capable than I give myself credit for.",N/A,60c8467d9872c0d83f695499,voice,
2025-10-06 19:36:10,2025-10-06 19:38:58,0,98.42.183.22,100,168,1,2025-10-06 19:38:58,R_6K9LfCJtnex9rR7,,,,,36.6808,-121.6164,anonymous,EN,1,1,1,6,6,6,7,7,2,7,1,7,5,7,7,6,2,7,4,4,4,4,6,6,6,5,5,5,5,5,5,2,2,4,2,1,2,4,4,4,6,4,6,6,2,2,2,2,2,4,4,4,4,4,4,6,6,6,It definitely motivated me to act out on my goals and initiate the process.,"Great AI interaction, thank you.",64309be1d7d085ed8ee4c129,text,
2025-10-06 19:34:20,2025-10-06 19:39:58,0,146.115.95.130,100,337,1,2025-10-06 19:39:58,R_5e58I15d4NVfHhe,,,,,42.5334,-70.9653,anonymous,EN,5,1,3,6,4,5,8,3,8,8,1,8,8,6,8,1,8,3,2,5,5,5,6,6,6,3,2,2,5,6,6,4,4,4,1,1,1,4,3,5,4,3,5,6,1,,1,1,1,3,3,3,3,3,3,1,1,1,"I think, even though it was a completely fake conversation, it gave me a slight confidence boost that i'll make it where I want to be.",There is none!,62f975cbc3507ecf77180d00,avatar,
2025-10-06 19:42:29,2025-10-06 19:47:20,0,208.191.73.67,100,291,1,2025-10-06 19:47:21,R_7vizVKDTD9ehrNa,,,,,41.6068,-81.4985,anonymous,EN,4,2,4,2,2,2,7,5,8,7,3,7,8,7,7,2,7,6,5,5,5,5,3,3,3,5,5,3,4,4,4,2,2,2,5,2,2,1,1,2,2,3,3,3,4,2,2,3,5,2,2,3,1,1,2,1,1,1,It didn't. I still know its not real.,"While not my thing, I do appreciate how far AI has come to do these things. ",663817b7de64fca4fb45a414,voice,
2025-10-06 19:54:51,2025-10-06 20:01:12,0,47.205.206.223,100,380,1,2025-10-06 20:01:12,R_3oMm5GGWspHHMEb,,,,,27.5595,-82.3934,anonymous,EN,6,7,2,1,6,5,7,8,1,7,1,7,2,7,7,7,5,8,2,2,4,4,3,4,3,3,4,2,3,3,4,5,3,3,4,5,5,2,2,3,4,1,1,1,4,4,4,4,5,1,1,2,2,1,1,1,1,1,Makes me realize that I don't really think about what might my future look like 40 years from now.,No technical issues with the study.,611622ddd8be1ac51298cb89,avatar,
2025-10-06 20:00:43,2025-10-06 20:04:35,0,24.125.217.146,100,232,1,2025-10-06 20:04:35,R_1N9RzIJrqq5hxV3,,,,,33.8607,-84.6884,anonymous,EN,1,1,1,7,1,7,8,8,1,8,1,8,6,8,8,2,1,8,4,6,6,6,5,5,6,5,5,5,5,5,5,5,5,5,1,1,1,5,5,5,7,7,7,7,1,1,1,1,1,5,5,5,5,5,5,5,5,5,"It actually really made me want to work even harder to get my retirement dreams to come true. ","This was such an amazing experience. I didn't really know what to expect but when I got to the part where I was talking to ""my future self"", I didn't want it to end. Thank you so much for allowing me to be a part of this.",5f3ebd568c429614c0f595e8,voice,
2025-10-06 20:09:28,2025-10-06 20:13:14,0,72.219.4.224,100,225,1,2025-10-06 20:13:15,R_5zigYHfAoAYqeRJ,,,,,30.2735,-91.8993,anonymous,EN,1,5,1,4,6,7,8,8,4,8,2,8,5,8,8,8,5,8,5,5,5,5,6,6,6,6,6,6,6,6,6,3,1,5,1,1,1,5,5,5,7,7,7,7,1,1,1,1,1,5,5,5,5,5,5,6,6,6,It made me feel good about my future and how I see it coming!,,65462d3be36b05a1f97d2dc8,avatar,
2025-10-06 20:10:08,2025-10-06 20:15:11,0,68.104.0.62,100,303,1,2025-10-06 20:15:12,R_7w7FvqqpD66cnah,,,,,36.2082,-115.2957,anonymous,EN,3,3,3,5,5,6,7,6,7,8,3,8,7,7,7,3,7,5,4,5,4,5,5,5,5,4,4,3,4,3,3,2,2,2,1,1,1,4,4,4,5,6,6,7,1,1,1,1,1,2,1,2,2,2,2,5,6,6,It made me be more hopeful about my future career moves and life in general.,,611edc7240c940f33a5dd554,voice,
2025-10-06 20:11:27,2025-10-06 20:16:37,0,72.241.228.199,100,309,1,2025-10-06 20:16:37,R_6CTpes5zgVMZUVq,,,,,41.6503,-83.5065,anonymous,EN,6,3,1,5,2,7,5,4,8,5,5,5,8,5,5,5,7,5,1,5,5,5,3,3,3,3,3,3,3,3,3,1,5,5,1,1,1,5,5,5,3,2,5,6,1,1,1,1,1,4,5,5,5,5,5,5,5,5,"Made me feel more confident that things will work out in the long run. ",Thought provoking :D,66d9869a4e9051cdf5d16fa3,avatar,
2025-10-06 20:19:36,2025-10-06 20:22:48,0,172.56.197.146,100,191,1,2025-10-06 20:22:48,R_7YPJK04AVhyMwFy,,,,,42.415,-71.0527,anonymous,EN,1,1,1,7,4,7,8,8,1,1,3,8,4,8,8,8,1,8,5,5,5,5,4,5,4,4,4,5,4,6,6,4,5,5,1,1,1,5,4,5,5,3,5,5,1,5,3,2,3,5,3,5,5,5,5,7,7,7,"I have a more positive outlook over all because it gave me current advice ","All good ",670c06bb7926d2525a7a7755,avatar,
2025-10-06 20:31:33,2025-10-06 20:37:28,0,73.86.40.231,100,354,1,2025-10-06 20:37:29,R_5GNzJbeFXNeoQ5Q,,,,,38.9635,-76.9672,anonymous,EN,5,2,2,6,6,6,6,6,2,6,2,7,2,6,7,7,3,6,4,4,4,4,5,5,5,5,5,5,5,5,5,4,5,5,1,1,1,5,5,5,5,1,3,3,1,1,1,1,1,3,3,3,3,3,3,3,3,3,"It taught me that my lan needs to be in acted sooner then later. my ""future self"" didn't give the confident answers and the movement required for our plan to work. ",nice work though. needs some real tweaking however this was fun.,663a8b9eb077de60d6884574,voice,
2025-10-06 20:33:23,2025-10-06 20:42:20,0,73.205.189.4,100,536,1,2025-10-06 20:42:20,R_5KqL2X8bCorbOPN,,,,,25.6666,-80.4036,anonymous,EN,1,1,1,7,7,7,8,8,1,8,1,8,1,8,8,8,1,8,5,5,5,5,6,6,6,6,6,6,6,6,6,1,1,3,1,1,1,5,5,5,7,6,7,7,3,3,2,2,2,5,5,5,5,5,5,4,4,4,it definitely felt good to see a version of my future self it influenced me to think more positively about my future and how i can continue to plant seeds to nurture and water to bring beauty into the world.,this was such a cool experience i needed that little future self visualization to get a grasp of what i could look like and the wisdom from myself now to help me in the future.,66709a4a49e9bb2c80c53c27,voice,
2025-10-06 20:41:08,2025-10-06 20:47:41,0,72.179.42.79,100,393,1,2025-10-06 20:47:42,R_6k0Hal6ay5OZ21P,,,,,29.8737,-97.9361,anonymous,EN,1,1,1,5,6,7,8,8,6,8,8,8,5,8,5,6,2,8,5,5,5,5,5,5,5,5,5,5,5,5,6,4,4,5,1,1,1,5,5,5,5,4,6,5,1,1,1,,1,4,4,4,3,3,4,7,7,7,It made me feel closure and determination to keep going. I guess I needed this more than I realized. I'm going through a difficult period right now and this helped my a lot more that I expected.,Thank you so much I say this to a lot of studies but I really needed this this strangely enough is very encouraging. I appreciate this study I feel like no mater how hard it gets I can keep going. Thank you so very much have a wonderful say!,669284eabea5b8c9655927da,voice,
2025-10-06 20:43:23,2025-10-06 20:49:05,0,173.93.166.150,100,341,1,2025-10-06 20:49:05,R_3Rogfv8uwgvmJUd,,,,,33.9739,-81.2345,anonymous,EN,2,2,3,6,5,5,5,3,6,6,4,7,6,5,6,7,5,6,4,4,4,4,4,4,4,4,4,4,4,4,4,4,3,4,1,1,2,4,4,5,5,3,5,6,2,2,2,2,2,3,3,3,3,3,3,5,6,5,It gave me some hopeful thoughts.,,640415971520c41606ca4389,voice,
2025-10-06 20:54:43,2025-10-06 20:58:33,0,74.76.129.118,100,230,1,2025-10-06 20:58:33,R_3iamplTFoLzpToo,,,,,43.0831,-73.7846,anonymous,EN,2,1,2,5,5,6,6,4,2,7,3,6,7,7,3,2,5,5,2,1,4,2,4,4,4,3,2,2,4,4,4,5,5,5,1,1,1,5,5,5,6,6,6,6,4,2,2,2,1,4,4,4,4,4,4,7,7,7,"It made me excited and now has me wanting to save and focus on my goals of getting my tiny houses ",loved this so muchh,664e835c732628231a08fff5,avatar,
2025-10-06 20:53:20,2025-10-06 20:58:49,0,97.221.112.163,100,328,1,2025-10-06 20:58:49,R_3GCwW4jBCTeBGPj,,,,,26.6292,-81.968,anonymous,EN,1,1,1,7,4,6,8,7,2,8,2,8,3,8,8,7,3,8,4,4,5,4,5,6,6,5,6,5,5,6,6,5,4,5,2,1,1,5,5,5,6,6,6,7,1,1,2,1,1,5,4,5,5,5,5,5,6,5,"Ya know, it gave me a much greater sense of hope and anticipation for those times way down the line.  I feel like the conversation was a breath of much needed fresh air.  The experience was intriguing, rewarding and also entertaining.  It put a big smile on my face now when thinking about my future.  Thank you!",This was an amazing experience.  Probably one of my top 3 study/survey experiences on Prolific of all time.  Cheers!,6410e763dc2f2726ac16ee05,voice,
2025-10-06 20:58:37,2025-10-06 21:00:11,0,96.225.77.42,100,93,1,2025-10-06 21:00:11,R_611cx8NBlrUbXYP,,,,,40.6679,-74.1178,anonymous,EN,7,6,7,1,2,2,3,1,7,2,6,2,2,3,5,2,6,7,1,2,2,2,2,1,2,2,2,2,3,1,1,1,1,1,5,1,5,2,1,1,5,1,2,3,4,5,4,5,,1,1,1,1,1,1,3,1,2,It didn't.,,58adfc6e7cf56d0001f931a2,voice,
2025-10-06 21:02:03,2025-10-06 21:05:05,0,131.241.68.203,100,181,1,2025-10-06 21:05:05,R_63giRQxVRSwa1bb,,,,,39.6873,-83.9384,anonymous,EN,2,2,2,5,5,6,7,7,4,6,6,5,3,5,4,6,4,4,4,4,4,5,3,3,4,4,4,4,3,3,3,2,2,4,3,2,2,4,4,4,6,6,6,6,2,2,3,2,2,4,3,2,2,4,4,5,5,4,"I think it's encouraging ",,5a6e8532e6cc4a0001b6d728,avatar,
2025-10-06 20:56:26,2025-10-06 21:11:04,0,76.33.31.117,100,877,1,2025-10-06 21:11:04,R_5Jhmz5W8EphScZH,,,,,32.7015,-114.643,anonymous,EN,2,1,1,6,6,7,8,7,6,6,5,6,5,8,8,5,7,6,5,6,5,6,6,6,6,6,6,6,6,6,6,5,5,5,1,1,1,5,5,5,7,5,7,7,1,1,1,3,1,5,5,5,5,5,5,7,7,7,"This experience gave me so much hope for the future and i felt so rejuvenated after, it even allowed my children to come ask questions and it blew my mind.",I loved this experience and i did not expect this! I feel so much better and more motivated. It was literally spot on with everything even things i didn't mention it put together.,67042cdf06ed4052bdf44c07,avatar,
2025-10-06 21:08:00,2025-10-06 21:16:11,0,68.205.2.80,100,490,1,2025-10-06 21:16:12,R_6RjvfIgase1WO9Z,,,,,28.0647,-80.6206,anonymous,EN,2,2,1,5,6,7,7,7,2,7,1,7,2,7,7,4,5,5,4,4,4,5,5,5,5,4,5,3,5,5,5,5,5,5,1,1,1,5,5,5,5,5,6,6,1,1,1,1,3,3,3,3,3,3,3,6,6,6,I don't know that it influenced my perception of the future very much (although I was pretty pleased with how I looked at 60) but it gave me some very valuable advice.,"I made a passing comment about the appearance ""glad you kept the beard"" and the response was ""wait what beard"" which I took as a joke at first but it followed with something to the effect of "" I don't have a beard, I can't tell if this is a test"". Would be ideal if it had a general idea of its appearance probably. But I thought this was super cool as a concept, very pleased with it overall. Glad I got to see that.",67001c01bcb0cabf8a7f01e7,avatar,
2025-10-06 21:18:31,2025-10-06 21:22:04,0,67.161.97.177,100,213,1,2025-10-06 21:22:04,R_6xKw6dXqISPRFLU,,,,,47.4936,-122.2415,anonymous,EN,4,3,2,6,6,6,8,8,2,8,2,8,2,8,8,2,8,7,4,4,4,4,5,5,5,5,5,5,5,5,5,2,4,4,2,2,2,4,4,4,6,6,6,6,2,2,2,2,2,4,4,4,4,4,4,5,5,5,It made me have hope to not give up and to look forward to the future.,n/a,66ca18ce20c4af7baa912758,avatar,
2025-10-07 12:43:19,2025-10-07 12:47:05,0,70.127.56.95,100,225,1,2025-10-07 12:47:05,R_7yz5VOK9qWRVhRL,,,,,27.9822,-81.6706,anonymous,EN,3,2,3,5,6,6,6,7,5,7,1,7,6,5,4,6,7,7,4,6,5,5,3,4,3,3,3,2,2,3,3,2,4,4,1,1,2,4,4,5,5,5,6,5,4,3,1,3,1,2,1,1,2,2,2,3,6,3,"It made me a little hopeful. ","This was the most interesting survey I have had the pleasure to do in a long time. ",6633a48b83e72a859fde7144,avatar,
2025-10-07 12:44:50,2025-10-07 12:49:05,0,76.124.15.70,100,255,1,2025-10-07 12:49:06,R_3rqU46zd5NgHwAh,,,,,40.0356,-75.1763,anonymous,EN,1,1,1,7,7,7,8,8,5,8,1,8,5,8,8,7,6,8,5,5,5,5,6,6,6,6,6,6,6,6,6,4,4,5,1,1,1,5,5,5,7,7,7,7,1,1,1,1,1,5,5,5,5,5,5,7,7,4,"This experience was completely worthwhile and came at the perfect time. I really needed something tangible to associate with the future and this helped me to really process some decisions and concerns that I have been meaning to process. This experienced helped me to begin shaping the next steps of my life. My birthday is coming up and I want to start a 5 year plan to ensure that my 60s will be exactly what I want them to be. ",,616dac30fd433eb926c5ceaa,text,
2025-10-07 12:49:38,2025-10-07 12:53:16,0,72.129.139.70,100,217,1,2025-10-07 12:53:16,R_7PjmBNE3E17iP0I,,,,,44.5034,-87.9813,anonymous,EN,1,1,1,7,7,7,7,7,2,7,2,8,4,7,8,5,2,6,5,5,6,6,6,6,6,5,5,6,6,6,6,2,2,4,1,1,1,4,5,5,6,7,6,6,1,1,1,1,1,5,3,3,4,4,4,3,5,4,made me more motivated,,6630ff1a437b51ceddadb038,avatar,
2025-10-07 12:55:19,2025-10-07 13:01:15,0,71.112.156.188,100,355,1,2025-10-07 13:01:15,R_5QLgoSaWdixyovb,,,,,40.4049,-79.8188,anonymous,EN,5,4,2,3,5,6,7,7,3,7,2,8,6,6,7,5,5,7,4,5,5,6,5,5,5,5,5,5,5,5,5,3,3,4,2,2,3,4,4,4,5,4,5,6,4,3,4,3,2,3,3,3,2,2,3,4,4,4,"It was amazing to see what technology can do, almost exactly my voice (perhaps less accent in it, but still). It didn't influence it, but it was kind of interesting to hear what AI has to say about it. ",Engaging and somewhat deceptive,662948ed99960b11f2f8e3fe,voice,
2025-10-07 13:09:41,2025-10-07 13:15:41,0,68.251.190.68,100,359,1,2025-10-07 13:15:41,R_6e2Y1LkQR7IDYvE,,,,,42.8899,-85.6148,anonymous,EN,3,2,2,6,5,6,7,7,3,7,3,7,5,5,8,8,7,8,5,5,4,5,5,5,5,5,5,4,5,5,5,4,5,5,2,1,2,5,5,5,7,7,7,7,2,1,2,2,2,4,4,4,4,4,4,5,6,4,The conversation made my goals of how I envision my future much clearer.  I was able to reflect upon what I want and how it will look like once I get there.  It made it seem like my goals for the future are obtainable and within reach.  This optimism led me to be much more positive about the future and hopeful for what I will achieve.,"Overall, this was a pretty cool experience.",6742864af334030ad769a482,voice,
2025-10-07 13:54:57,2025-10-07 13:58:39,0,184.23.62.143,100,222,1,2025-10-07 13:58:39,R_7ZQklwW9mYEtPMd,,,,,37.3512,-121.8846,anonymous,EN,2,2,2,5,5,6,6,6,5,5,3,6,5,6,7,6,5,6,2,2,4,3,4,4,4,4,3,4,4,4,4,4,4,4,2,2,1,5,5,5,6,4,6,6,2,1,1,2,2,3,3,3,3,4,3,2,2,2," I found it to be an interesting and rewarding experience. I think it mostly made me want to pursue my goals more.",Thank you,65983c420d89145cbdb05468,voice,
2025-10-08 10:50:46,2025-10-08 10:53:00,0,131.239.117.54,100,133,1,2025-10-08 10:53:00,R_77qZ1fLphgFOG01,,,,,42.3464,-71.0975,anonymous,EN,3,3,5,5,3,5,8,6,6,8,2,8,7,8,7,7,6,6,4,4,4,4,5,4,4,3,3,2,5,5,5,2,2,2,2,2,2,4,4,4,6,6,6,2,2,2,2,2,2,4,3,3,3,3,4,5,5,5,it helped me be more optimistic and mostly just talking out loud helped,,5d460ce9ba790b0001dd488c,voice,
2025-10-08 11:18:25,2025-10-08 11:22:48,0,24.93.194.170,100,263,1,2025-10-08 11:22:49,R_6UW0D6XB6yZYZtP,,,,,41.0708,-81.5511,anonymous,EN,2,2,2,6,3,6,8,8,4,8,1,8,4,8,8,5,3,6,4,5,5,5,5,5,5,3,3,4,4,4,4,1,1,5,1,1,1,5,5,5,5,4,5,5,1,1,1,1,1,3,3,3,3,3,3,2,2,4,It stayed the same,,67388861a4434c34f877785d,voice,
2025-10-08 11:25:48,2025-10-08 11:28:39,0,75.134.229.200,100,170,1,2025-10-08 11:28:39,R_5sPfUHTaKCIvG5H,,,,,41.7829,-72.3319,anonymous,EN,3,3,3,5,5,6,5,6,3,6,2,7,6,6,7,7,6,7,4,5,4,5,5,5,5,4,3,5,5,5,5,4,4,4,2,2,2,4,4,4,6,6,6,5,2,2,2,2,2,4,3,3,4,4,,5,6,6,I appreciated the feedback on my personal goals and found it makes me even more motivated to reach them to have my timelines affirmed.,n/a,660d6b2e957fa582ec87816f,voice,
2025-10-08 11:35:44,2025-10-08 11:38:49,0,50.91.227.104,100,184,1,2025-10-08 11:38:50,R_7NzY6UF927qIcBb,,,,,35.5954,-119.342,anonymous,EN,6,5,2,4,6,6,3,4,7,6,6,4,5,4,3,2,6,5,2,3,4,3,2,3,3,3,2,3,4,3,4,2,4,4,2,2,2,3,4,4,5,4,4,5,3,2,2,4,4,4,4,4,4,4,4,6,4,5,It made me think a little better about myself although it wasn't a human being I wasn't talking to.,,673c90022c553e1b8f60a3af,voice,
2025-10-08 11:38:14,2025-10-08 11:41:00,0,8.9.84.7,100,166,1,2025-10-08 11:41:01,R_5BmNXKjwF7YglYm,,,,,43.114,-77.5689,anonymous,EN,2,2,2,6,6,6,5,6,2,5,2,5,7,5,4,4,3,4,2,2,2,4,3,3,3,2,2,4,4,4,3,2,2,4,2,2,2,4,4,5,5,5,6,6,2,2,2,2,2,4,4,4,4,4,4,5,6,5,The Model gave me tools to help me with the future goal and that made me feel more relaxed and confident,The AI was very helpful and easy to talk to,62b20c0065e9809e66d13fa5,voice,
2025-10-08 11:32:12,2025-10-08 11:42:34,0,172.56.16.187,100,622,1,2025-10-08 11:42:35,R_6ineXY3gzUDfQx4,,,,,41.85,-87.7165,anonymous,EN,4,5,4,3,4,5,5,6,5,5,6,5,6,4,4,5,5,5,3,3,4,4,4,4,3,4,3,4,3,4,3,2,3,4,4,3,4,4,3,4,4,4,5,3,4,3,3,4,3,3,4,3,4,3,4,4,2,4,i felt like they could have interacted more i feel like they could have been more open with answers as well,none thank u,67299a3cb9242638dd2556db,voice,
2025-10-08 11:41:50,2025-10-08 11:46:54,0,172.1.171.168,100,304,1,2025-10-08 11:46:55,R_7rBp7pc2cyoJtBv,,,,,33.6163,-84.2945,anonymous,EN,1,1,4,4,1,1,7,4,5,7,2,6,5,7,5,3,5,4,4,4,4,4,3,4,3,4,3,4,4,3,3,1,1,1,3,1,3,1,1,1,4,1,4,3,3,1,3,3,2,3,3,3,3,3,2,2,4,4,it did not,,667dc21819f1e0f06520b7e0,voice,
2025-10-08 12:07:04,2025-10-08 12:09:46,0,66.219.193.227,100,162,1,2025-10-08 12:09:47,R_6p4iBBLaiVAXudA,,,,,40.6981,-111.9999,anonymous,EN,1,1,1,6,6,6,3,3,5,5,5,4,5,6,3,3,7,3,2,4,4,4,3,3,3,2,2,2,3,3,3,4,4,4,2,2,2,4,4,4,3,2,3,2,2,2,2,2,2,4,4,4,4,4,4,1,1,1,It didn't really shape my perception of it as nobody can predict how the future will really be,It was really fun id love to ask more questions,66f1b4e2d875c6785ca1d50a,voice,
2025-10-08 12:11:39,2025-10-08 12:26:14,0,172.56.64.114,100,875,1,2025-10-08 12:26:15,R_3RRfPgVxkujNrfr,,,,,33.7173,-84.4783,anonymous,EN,3,5,1,3,2,5,7,6,2,7,1,7,1,7,8,6,5,7,3,3,3,3,3,3,3,2,2,2,3,3,3,1,3,2,4,2,5,3,3,3,6,6,6,4,2,2,1,2,2,3,2,4,3,3,2,4,4,4,It just forced me to acknowledge it.,n/a,63039dbefda87c47a91fec04,voice,
2025-10-08 12:32:11,2025-10-08 12:35:18,0,16.98.20.27,100,186,1,2025-10-08 12:35:18,R_5dCpCbTi2fCrghb,,,,,28.9284,-82.4921,anonymous,EN,2,2,4,4,2,4,3,4,7,4,8,4,8,4,7,4,6,4,4,4,4,4,3,3,3,3,3,3,3,3,3,1,3,3,3,2,1,5,5,5,4,3,4,2,1,1,1,1,1,3,3,3,3,3,3,4,4,4,It helped me get good ideas of how to talk to my step son.,,5dc474fd45b8f933f16d6241,voice,
2025-10-08 12:32:22,2025-10-08 12:36:18,0,69.168.2.162,100,235,1,2025-10-08 12:36:18,R_6NfZHCMipltzmXR,,,,,43.6444,-72.2455,anonymous,EN,5,5,5,4,2,3,2,5,7,2,2,2,7,2,4,3,8,6,4,4,4,4,3,3,3,2,2,2,3,3,3,4,4,4,2,1,1,4,4,4,3,3,3,5,1,1,4,4,1,2,2,2,2,2,2,2,5,5,"At first, I was really skeptical since it started to sound like a future time machine and was super unrealistic and when I corrected it, it felt unauthentic. However, once it was focused on something with me, it felt like I wanted to talk more and try to understand what I can do to change my future for the better.",,65c243c37e0d77ca70ee030e,voice,
2025-10-08 12:31:47,2025-10-08 12:37:07,0,71.209.199.86,100,320,1,2025-10-08 12:37:08,R_6E5cfOq2ehO6ydg,,,,,33.5141,-112.1235,anonymous,EN,1,1,1,6,5,7,7,8,3,7,1,8,5,4,8,5,8,8,6,6,6,6,6,6,6,6,6,6,6,6,6,2,4,5,1,1,1,5,5,5,3,2,3,1,1,1,1,1,1,5,5,5,5,5,,7,7,7,"I felt more confident in achieving my goals, given the positive reinforcement and reassurance I had received from the AI.",thank you for allowing me to contribute.,61489a7c8f9dfcc9f78b7c36,voice,
2025-10-08 13:03:07,2025-10-08 13:04:53,0,99.35.184.43,100,105,1,2025-10-08 13:04:54,R_7InFCzpH89MvcDl,,,,,32.4648,-99.7589,anonymous,EN,1,1,1,6,7,6,6,7,3,7,1,5,1,2,6,5,1,5,1,5,4,3,4,3,3,4,3,4,5,4,4,4,5,4,1,3,4,5,4,5,7,6,6,6,1,2,1,5,4,5,4,5,4,5,5,5,6,5,I think it generally just made me more optimistic,,63d7fb6ee49281f6c41d6630,voice,
2025-10-08 13:23:44,2025-10-08 13:25:58,0,100.37.255.140,100,133,1,2025-10-08 13:25:58,R_5Xgt9Wz68ScuE3N,,,,,40.7234,-73.7021,anonymous,EN,1,1,1,5,4,4,7,7,5,7,2,7,3,7,8,6,4,6,4,4,4,4,5,5,5,3,2,4,4,4,4,1,1,1,1,1,1,3,3,2,4,1,1,4,1,1,1,1,1,3,2,1,2,2,2,3,3,3,"It did nothing, the AI was not able to get into the depths of the conversation in any real way.","Audio was choppy in the responses. ",5a79f3f3000dab00018c31d0,voice,
2025-10-08 13:31:04,2025-10-08 13:34:36,0,64.223.194.202,100,212,1,2025-10-08 13:34:37,R_5X0DaZk5ScFUVQx,,,,,43.6327,-70.2735,anonymous,EN,2,2,2,5,3,6,6,5,5,6,6,6,5,6,7,2,6,5,5,5,5,5,5,5,5,5,5,5,5,5,5,1,2,5,1,1,1,4,4,5,6,5,5,6,1,1,1,1,1,4,4,4,4,4,4,5,5,5,made me think more about how much I really should be setting aside and saving money for the future.,,66e9b926c782e4f47a05ec7c,voice,
2025-10-08 13:30:49,2025-10-08 13:37:03,0,73.174.163.197,100,373,1,2025-10-08 13:37:03,R_3PyKVz8yrU5Y1Ih,,,,,40.4697,-78.8351,anonymous,EN,5,5,3,4,4,5,4,5,7,3,2,5,7,3,4,2,7,4,2,4,4,5,4,4,4,4,3,4,4,4,4,4,4,4,2,1,1,4,4,4,6,6,6,5,3,3,2,4,3,4,4,4,4,4,2,5,5,5,It told me what I wanted to hear and what I would like to imagine my future will be life. it would be so great if it were to come true. I was able to picture what it would be like clearer with the Ai,"I thought the Ai did a better job of walking me through how to get to the future that I want than telling me what the future was going to be exactly. ",6711e09a6906af2fa5b782bd,voice,
2025-10-08 14:04:48,2025-10-08 14:08:53,0,99.57.139.117,100,245,1,2025-10-08 14:08:54,R_3bTan5RAIpkaaeR,,,,,37.2808,-121.9572,anonymous,EN,2,4,1,6,6,7,2,7,7,7,8,7,2,4,5,3,8,8,4,4,4,4,4,5,6,2,3,3,4,4,2,3,4,5,2,1,1,5,5,5,6,5,7,4,2,2,2,1,1,5,5,5,5,5,5,4,5,7,"It gave me closure about what my future holds. And it gave me the clarification I needed to hear to pursue my career goals. ",This was quite interesting. I enjoyed this.,6673023f164ea88cbe14e203,voice,
2025-10-08 14:21:34,2025-10-08 14:24:16,0,172.59.69.232,100,162,1,2025-10-08 14:24:16,R_1r7brVTBEVYBUd0,,,,,30.3478,-81.6493,anonymous,EN,4,6,3,6,4,6,7,7,7,7,5,7,6,6,7,5,7,5,1,2,1,2,3,3,4,4,4,4,5,3,3,2,3,4,2,2,2,4,4,4,5,3,4,5,4,3,3,3,3,3,3,3,3,4,2,3,3,4,Didn't influence too much but the conversation was nice,,678f46cd0f21903076471f34,voice,
2025-10-08 14:28:08,2025-10-08 14:32:12,0,173.169.140.113,100,244,1,2025-10-08 14:32:13,R_7aKxR8ggImiQ9gW,,,,,28.1951,-81.6062,anonymous,EN,1,1,1,6,5,7,6,8,1,6,1,7,6,8,6,7,2,8,3,4,3,4,5,4,4,4,3,3,4,4,3,1,4,5,1,1,1,4,4,5,6,7,6,2,1,1,2,2,1,4,4,5,4,4,4,5,6,4,"This experience made me to start thinking about the future and how I change and prepare myself today. ",none,60cb3c4b9454f7a196355088,voice,
2025-10-08 14:39:30,2025-10-08 14:43:04,0,174.127.158.223,100,214,1,2025-10-08 14:43:04,R_5n6JdlMMjiKY9nz,,,,,45.5288,-122.6821,anonymous,EN,3,2,4,5,5,5,6,5,3,5,2,5,3,6,6,6,6,5,4,4,4,4,3,4,4,3,3,4,4,5,3,2,4,3,2,1,1,3,4,5,3,3,5,5,3,2,2,2,2,3,3,3,3,3,4,3,5,4,it just have me more of a clear picture about where AI development is at in this moment not so much about where it's going to be in the future except for it's a good indicator about the progress of the lead so far and just assume it would be essentially more progressive going forward I guess the bigger picture of yes it did shape my perceptions of future a little bit,I hope my conversation I have with the assistant wasn't too random or off the mark it wasn't really sure if I should talk about with things The survey was about it just go with the flow which comes to mind,6536a9f9ac4d61b9d34f5b3b,voice,
2025-10-08 14:43:17,2025-10-08 14:45:11,0,96.241.54.101,100,113,1,2025-10-08 14:45:12,R_3LMXFP5UNgew39f,,,,,38.8851,-77.1803,anonymous,EN,2,5,2,5,6,5,6,7,2,6,2,6,2,7,7,3,2,6,1,1,1,1,4,4,4,3,3,3,2,3,3,2,2,2,2,2,1,1,1,2,3,3,2,1,4,4,3,4,4,1,1,2,2,2,1,2,2,2,I think I will try some new things,,5e646abe244a7f1feb0f6321,voice,
2025-10-08 14:43:41,2025-10-08 14:45:41,0,76.171.173.154,100,120,1,2025-10-08 14:45:42,R_1WlxobV780bt19n,,,,,33.1062,-117.2947,anonymous,EN,1,1,1,6,6,6,8,8,1,8,2,7,2,7,8,8,2,8,4,4,5,4,4,5,5,5,5,4,4,5,4,3,4,5,1,1,1,4,4,5,5,3,5,6,1,1,1,1,1,4,4,5,5,5,4,4,4,4,I think it gave me more information about it and steps to take should I choose to.,,63ffcb367b500c516d0648a2,voice,
2025-10-08 14:45:39,2025-10-08 14:48:25,0,73.171.189.50,100,165,1,2025-10-08 14:48:25,R_62F3fkR9Hpsnv4f,,,,,30.011,-81.4108,anonymous,EN,1,1,1,6,6,6,8,8,2,7,1,7,7,7,7,7,2,7,5,5,5,5,3,3,3,2,2,2,3,3,3,5,5,5,1,1,1,5,5,5,6,7,7,7,1,1,1,1,1,5,5,5,5,5,5,5,5,5,It didn't really. Our conversation was a back and forth exchange of what could be or what would likely be due to A.I. All of the things we talked about were things I had already imagined in my mind.,"This was a lot of fun. After about 10 minutes it stopped responding so I clicked on goodbye, but before that I was really enjoying the conversation. Thank You!",588ab33542c8e900019d02ae,voice,
2025-10-08 14:46:23,2025-10-08 14:50:20,0,172.225.202.23,100,237,1,2025-10-08 14:50:21,R_7rPsxBJ7x4o6Oqw,,,,,33.7485,-84.3871,anonymous,EN,1,3,1,6,6,6,7,6,8,8,7,8,8,7,7,7,7,,5,4,6,4,4,4,5,5,6,6,4,5,6,1,1,4,1,1,1,4,4,5,7,6,6,5,4,4,2,1,1,4,4,4,4,4,3,1,2,1,"It prepared me well. ",,663631e9a98cfc7ea17bbde6,voice,
2025-10-08 14:40:26,2025-10-08 14:51:03,0,24.14.138.187,100,636,1,2025-10-08 14:51:03,R_121WSSszJhEac6t,,,,,41.9898,-87.7623,anonymous,EN,5,5,2,2,5,5,5,5,8,6,8,6,7,4,5,2,8,5,5,5,5,5,5,5,5,1,1,1,5,5,5,4,5,5,1,1,1,5,5,5,6,6,7,6,4,2,5,5,3,4,2,3,4,4,3,7,7,7,"it made me feel more hopeful. ",this was one of the most effective AI's i have interacted with.,63cee08c60670525b4f43946,voice,
2025-10-08 14:58:46,2025-10-08 15:02:49,0,209.196.189.154,100,242,1,2025-10-08 15:02:50,R_5alGQj7oQKGIYJX,,,,,26.7094,-80.0465,anonymous,EN,2,2,1,5,7,7,5,6,4,6,4,5,5,6,6,5,7,6,1,2,2,2,1,4,4,1,1,1,2,2,2,4,4,5,2,2,1,4,4,4,6,4,5,6,1,1,2,1,1,4,3,2,4,5,3,5,5,5,"It made me way more hopeful ",,67588a443ddaa03e391bcbe8,voice,
2025-10-08 15:01:54,2025-10-08 15:16:54,0,99.72.62.51,100,899,1,2025-10-08 15:16:54,R_131JwzBocwUmwGl,,,,,26.1783,-80.2734,anonymous,EN,5,2,2,5,6,6,6,5,3,2,6,2,6,6,1,1,8,2,1,2,1,1,2,2,4,3,3,2,2,2,4,4,4,5,2,2,2,4,4,4,5,3,6,7,2,2,4,4,4,4,1,3,4,4,2,5,6,6,It makes think of AI's impact in the future as teaching assistants. It can help people in their jobs with coding.,It makes think of AI's impact in the future as teaching assistants. It can help people in their jobs with coding.,64135e3d9cd5e3f16290d29c,voice,
2025-10-08 15:42:23,2025-10-08 15:44:13,0,184.179.135.184,100,109,1,2025-10-08 15:44:13,R_1Lkaq2wvo6Catf7,,,,,33.4602,-112.1334,anonymous,EN,2,2,2,5,6,5,6,6,6,6,6,6,3,5,5,5,5,6,4,5,4,4,4,5,5,4,5,5,4,5,5,4,4,3,4,4,4,4,4,4,6,6,6,6,2,2,2,2,2,4,4,4,4,4,4,5,5,5,It helped provide new ideas I can look into reaching my future goals,,5dce3ccc32ccbf0cd54263db,voice,
2025-10-03 08:39:20,2025-10-03 08:40:18,0,18.29.25.218,92,58,0,2025-10-10 08:40:19,R_3CQ8C45sJOF1lsw,,,,,42.3649,-71.0987,anonymous,EN,,,,,,,,,,,,,,,,,,,,,,,,,,,,,,,,,,,,,,,,,,,,,,,,,,,,,,,,,,,,,,,
2025-10-03 06:48:31,2025-10-03 11:35:50,0,18.27.112.248,92,17238,0,2025-10-10 11:35:51,R_5wsgUl88ZVJiLv5,,,,,42.3649,-71.0987,anonymous,EN,1,1,1,1,1,1,1,1,1,1,1,1,1,1,1,1,1,1,1,1,1,1,1,1,1,1,1,1,1,1,1,1,1,1,1,1,1,1,1,1,1,1,1,1,1,1,1,1,1,1,1,1,1,1,1,1,1,1,,,,,
2025-10-03 07:54:47,2025-10-06 14:44:02,0,18.29.0.127,92,283755,0,2025-10-13 14:44:07,R_3eyDp1IyD2U1nnw,,,,,42.3649,-71.0987,anonymous,EN,,,,,,,,,,,,,,,,,,,,,,,,,,,,,,,,,,,,,,,,,,,,,,,,,,,,,,,,,,,,,,,
2025-10-10 18:16:35,2025-10-10 20:05:49,0,18.29.68.86,38,6553,0,2025-10-17 20:05:51,R_35MwwAIVNsfHlUV,,,,,42.3649,-71.0987,anonymous,EN,,,,,,,5,5,,,,,,,,,,,,,,,,,,,,,,,,,,,,,,,,,,,,,,,,,,,,,,,,,,,,,test,text,
