StartDate,EndDate,Status,IPAddress,Progress,Duration (in seconds),Finished,RecordedDate,ResponseId,RecipientLastName,RecipientFirstName,RecipientEmail,ExternalReference,LocationLatitude,LocationLongitude,DistributionChannel,UserLanguage,consent,Q2_1,Q2_2,Q2_3,Q2_4,Q2_5,Q2_6,Q3_1,Q3_2,Q3_3,Q3_4,Q3_5,Q3_6,Q3_7,Q3_8,Q3_9,Q3_10,Q3_11,Q3_12,Q4_1,Q4_2,Q4_3,Q4_4,Q8_1,Q8_2,Q8_3,Q8_4,Q8_5,Q8_6,user_id,cond
Anfangsdatum,Enddatum,Antworttyp,IP-Adresse,Aktueller Stand,Dauer (in Sekunden),Beendet,Erfassungsdatum,Antwort-ID,Nachname des Empfängers,Vorname des Empfängers,E-Mail des Empfängers,Externe Datenreferenz,Breitengrad des Standorts,Längengrad des Standorts,Verteilungskanal,Benutzersprache,"Welcome! 

In this study, you will be asked to answer a survey and interact with an AI agent. If you do not see the survey questions, scroll down -- this is an embedded form. Terms of Participation Results from this survey may be used for future academic research publications. Please note that: 

1. All data collected from this form will be anonymized and used for research purposes only. 
2. You can opt out of this survey at any point. To do so, simply close out of the survey without submitting your answers, and your answers will not be saved. 
3. You will remain anonymous in any publications or presentations based on the results of this survey. 


If you feel you have been treated unfairly, or you have questions regarding your rights as a research subject, you may contact the Chairman of the Committee on the Use of Humans as Experimental Subjects, MIT, Room E25-143B, 77 Massachusetts Ave, Cambridge, MA 02139, phone 1-617-253 6787.
 

 As a research participant in this study, you consent to the use of your data for this study.",Please read each item carefully and rate the scales below. - Anxious,Please read each item carefully and rate the scales below. - Overwhelmed,Please read each item carefully and rate the scales below. - Unmotivated,Please read each item carefully and rate the scales below. - Relaxed,Please read each item carefully and rate the scales below. - Energetic,Please read each item carefully and rate the scales below. - Motivated,Please read each item carefully and rate the scales below. - I can think of many ways to get out of a jam.,Please read each item carefully and rate the scales below. - I energetically pursue my goals.,Please read each item carefully and rate the scales below. - I feel tired most of the time.,Please read each item carefully and rate the scales below. - There are lots of ways around any problem.,Please read each item carefully and rate the scales below. - I am easily downed in an argument.,Please read each item carefully and rate the scales below. - I can think of many ways to get the things in life that are important to me.,Please read each item carefully and rate the scales below. - I worry about my health.,"Please read each item carefully and rate the scales below. - Even when others get discouraged, I know I can find a way to solve the problem.",Please read each item carefully and rate the scales below. - My past experiences have prepared me well for my future.,Please read each item carefully and rate the scales below. - I’ve been pretty successful in life.,Please read each item carefully and rate the scales below. - I usually find myself worrying about something.,Please read each item carefully and rate the scales below. - I meet the goals that I set for myself.,Please read each item carefully and rate the scales below. - How similar are you now to what you will be like when you are 60 years old?,Please read each item carefully and rate the scales below. - How similar are your beliefs now to what they will be like when you are 60 years old?,Please read each item carefully and rate the scales below. - How similar is your personality now to what it will be like when you are 60 years old?,Please read each item carefully and rate the scales below. - How similar are your values now to what they will be like when you are 60 years old?,Please read each item carefully and rate the scales below. - How vividly can you imagine what you will be like when you are 60 years old?,Please read each item carefully and rate the scales below. - How vividly can you imagine what you will look like when you are 60 years old?,Please read each item carefully and rate the scales below. - How vividly can you imagine what your family relationships will be like when you are 60 years old?,Please read each item carefully and rate the scales below. - Do you like what you will be like when you are 60 years old?,Please read each item carefully and rate the scales below. - Do you like what your personality will probably be like when you are 60 years old?,Please read each item carefully and rate the scales below. - Do you like what your actions will probably be like when you are 60 years old?,user_id,cond
"{""ImportId"":""startDate"",""timeZone"":""America/Denver""}","{""ImportId"":""endDate"",""timeZone"":""America/Denver""}","{""ImportId"":""status""}","{""ImportId"":""ipAddress""}","{""ImportId"":""progress""}","{""ImportId"":""duration""}","{""ImportId"":""finished""}","{""ImportId"":""recordedDate"",""timeZone"":""America/Denver""}","{""ImportId"":""_recordId""}","{""ImportId"":""recipientLastName""}","{""ImportId"":""recipientFirstName""}","{""ImportId"":""recipientEmail""}","{""ImportId"":""externalDataReference""}","{""ImportId"":""locationLatitude""}","{""ImportId"":""locationLongitude""}","{""ImportId"":""distributionChannel""}","{""ImportId"":""userLanguage""}","{""ImportId"":""QID6""}","{""ImportId"":""QID2_1""}","{""ImportId"":""QID2_2""}","{""ImportId"":""QID2_3""}","{""ImportId"":""QID2_4""}","{""ImportId"":""QID2_5""}","{""ImportId"":""QID2_6""}","{""ImportId"":""QID3_1""}","{""ImportId"":""QID3_2""}","{""ImportId"":""QID3_3""}","{""ImportId"":""QID3_4""}","{""ImportId"":""QID3_5""}","{""ImportId"":""QID3_6""}","{""ImportId"":""QID3_7""}","{""ImportId"":""QID3_8""}","{""ImportId"":""QID3_9""}","{""ImportId"":""QID3_10""}","{""ImportId"":""QID3_11""}","{""ImportId"":""QID3_12""}","{""ImportId"":""QID4_1""}","{""ImportId"":""QID4_2""}","{""ImportId"":""QID4_3""}","{""ImportId"":""QID4_4""}","{""ImportId"":""QID7_1""}","{""ImportId"":""QID7_2""}","{""ImportId"":""QID7_3""}","{""ImportId"":""QID7_4""}","{""ImportId"":""QID7_5""}","{""ImportId"":""QID7_6""}","{""ImportId"":""user_id""}","{""ImportId"":""cond""}"
2025-10-02 06:40:38,2025-10-02 06:41:21,1,,100,42,1,2025-10-02 06:41:21,R_3FPdfwWZfKkx2Nu,,,,,42.3649,-71.0987,preview,EN,1,1,1,1,1,1,1,3,3,4,4,4,4,4,4,4,4,4,4,2,2,2,2,2,2,2,2,2,2,,
2025-10-02 07:24:46,2025-10-02 07:27:18,0,18.27.112.248,100,151,1,2025-10-02 07:27:18,R_7rRUwjI75OqSITv,,,,,42.3649,-71.0987,anonymous,EN,1,5,2,5,6,7,5,8,8,5,7,2,7,6,7,8,7,6,8,4,4,4,4,5,4,3,4,5,5,,
2025-10-02 07:49:22,2025-10-02 07:52:27,0,18.27.112.248,100,185,1,2025-10-02 07:52:27,R_6ERQcDRmEVmE9uF,,,,,42.3649,-71.0987,anonymous,EN,1,5,4,1,5,7,7,8,7,4,7,1,8,5,6,6,7,5,6,2,4,5,5,4,2,4,4,4,4,,
2025-10-02 10:10:44,2025-10-02 10:17:11,0,18.29.115.203,100,387,1,2025-10-02 10:17:12,R_7gkLhJmSFqZxFsR,,,,,42.3649,-71.0987,anonymous,EN,1,3,3,3,4,6,5,7,6,6,7,2,6,6,6,6,6,6,6,3,3,5,5,2,2,3,4,4,4,,
2025-10-02 10:57:55,2025-10-02 11:02:31,0,18.29.115.203,100,275,1,2025-10-02 11:02:31,R_32sunp5OkuzqBaI,,,,,42.3649,-71.0987,anonymous,EN,1,1,2,3,5,5,5,8,8,2,8,2,8,2,8,8,8,3,8,2,4,5,5,5,4,5,5,6,4,,
2025-10-02 11:25:54,2025-10-02 11:29:04,0,18.29.115.203,100,189,1,2025-10-02 11:29:04,R_7oor1EzwFGlfzUq,,,,,42.3649,-71.0987,anonymous,EN,1,3,3,1,6,5,6,8,8,5,8,1,8,7,8,8,7,3,7,3,4,3,5,3,2,2,,4,4,,
2025-10-02 11:23:47,2025-10-02 11:30:35,0,18.29.87.143,100,407,1,2025-10-02 11:30:36,R_71iTJixBOk0fUgJ,,,,,42.3649,-71.0987,anonymous,EN,1,2,2,3,6,6,5,8,6,1,7,2,7,5,7,8,7,4,6,4,4,4,4,5,4,3,4,4,5,,
2025-10-02 11:51:22,2025-10-02 11:55:00,0,18.29.15.253,100,217,1,2025-10-02 11:55:00,R_3mNxeAoCrf8194t,,,,,42.3649,-71.0987,anonymous,EN,1,5,4,2,4,5,6,7,8,3,8,3,7,6,8,7,7,5,6,4,3,5,5,3,2,3,5,5,4,,
2025-10-02 12:02:58,2025-10-02 12:07:46,0,18.29.15.253,100,288,1,2025-10-02 12:07:47,R_7iqHVvzjsetYiHf,,,,,42.3649,-71.0987,anonymous,EN,1,3,4,3,5,3,3,5,5,5,5,5,4,5,5,5,5,8,4,2,2,2,4,2,2,2,3,4,4,,
2025-10-02 07:11:15,2025-10-02 13:04:58,0,18.29.115.203,100,21223,1,2025-10-02 13:04:59,R_5tu6Llur1TLOQSb,,,,,42.3649,-71.0987,anonymous,EN,1,5,5,5,5,5,5,6,6,6,6,6,6,6,6,6,6,6,6,3,2,3,2,2,2,2,5,4,3,,
2025-10-03 07:27:50,2025-10-03 07:32:34,0,18.29.87.22,100,284,1,2025-10-03 07:32:34,R_6zHd7jH7LZkxFKA,,,,,42.3649,-71.0987,anonymous,EN,1,4,3,3,5,5,6,6,7,3,8,2,7,1,8,7,7,5,7,5,4,5,5,4,4,3,6,6,6,,
2025-10-03 09:05:20,2025-10-03 09:10:55,0,18.29.87.22,100,335,1,2025-10-03 09:10:56,R_3qgJ4RrEP8EdFFo,,,,,42.3649,-71.0987,anonymous,EN,1,6,5,2,3,3,3,6,6,5,6,6,6,6,7,4,6,7,7,3,4,5,5,2,2,2,3,4,4,,
2025-10-03 12:32:11,2025-10-03 12:36:58,0,18.29.79.12,100,287,1,2025-10-03 12:36:59,R_3ypdotbgMzXmvhD,,,,,42.3649,-71.0987,anonymous,EN,1,5,5,2,2,6,6,7,7,4,7,4,7,1,6,5,5,5,6,2,2,3,2,2,3,3,5,5,4,,
2025-10-03 13:47:11,2025-10-03 13:50:12,0,18.29.79.12,100,181,1,2025-10-03 13:50:12,R_6WNH4fmt6dS43w5,,,,,42.3649,-71.0987,anonymous,EN,1,5,7,3,1,6,7,7,7,5,8,2,6,6,7,8,7,7,6,4,4,5,5,2,2,2,4,4,3,,
2025-10-03 14:12:16,2025-10-03 14:19:06,0,18.29.79.12,100,409,1,2025-10-03 14:19:06,R_5QxMS0jLuHP2Y9n,,,,,42.3649,-71.0987,anonymous,EN,1,6,2,2,4,6,6,7,7,4,5,3,8,5,6,8,8,7,7,3,3,3,4,3,2,2,5,6,5,,
2025-10-04 08:41:25,2025-10-04 08:52:49,0,18.29.6.64,100,683,1,2025-10-04 08:52:50,R_5MR3cFc6CoUPvDI,,,,,42.3649,-71.0987,anonymous,EN,1,6,4,3,5,5,5,7,6,7,8,5,5,3,5,7,7,8,6,1,2,3,5,2,5,6,5,5,6,,
2025-10-04 08:58:07,2025-10-04 09:06:32,0,172.56.193.155,100,504,1,2025-10-04 09:06:32,R_537KuMeaeFWm8BH,,,,,42.3364,-71.0326,anonymous,EN,1,2,2,3,4,6,6,7,7,7,7,3,5,4,5,4,5,5,5,1,2,2,4,3,3,4,3,3,4,,
2025-10-04 09:21:11,2025-10-04 09:24:33,0,18.27.92.34,100,201,1,2025-10-04 09:24:33,R_5fizXFz7Pw7lPHP,,,,,42.3649,-71.0987,anonymous,EN,1,5,2,1,5,5,7,7,6,5,7,2,6,4,7,7,5,4,7,3,3,3,4,2,2,4,4,5,5,,
2025-10-04 10:03:05,2025-10-04 10:10:11,0,18.29.17.64,100,426,1,2025-10-04 10:10:12,R_7ez4VWeaI9hcv16,,,,,42.3649,-71.0987,anonymous,EN,1,5,2,2,4,6,5,6,5,2,7,2,5,6,8,6,5,5,6,4,5,6,5,2,2,5,4,5,3,,
2025-10-04 15:25:45,2025-10-04 15:35:30,0,18.29.17.64,100,584,1,2025-10-04 15:35:30,R_3Cp5nSRCotCALRm,,,,,42.3649,-71.0987,anonymous,EN,1,2,2,2,7,6,7,7,7,3,8,2,7,3,5,7,8,5,5,1,2,2,4,2,1,2,5,5,5,,
2025-10-04 15:31:21,2025-10-04 15:40:56,0,18.27.112.248,100,575,1,2025-10-04 15:40:56,R_6LYoudHY2aaunib,,,,,42.3649,-71.0987,anonymous,EN,1,3,2,2,6,6,5,7,6,5,8,2,6,7,6,5,5,8,6,4,5,5,5,2,1,5,4,4,4,,
2025-10-05 21:32:18,2025-10-05 21:32:43,0,174.168.59.199,100,25,1,2025-10-05 21:32:43,R_6psAGlOON05Rmmn,,,,,42.3649,-71.0987,anonymous,EN,1,1,1,1,1,1,1,1,1,1,1,1,1,1,1,1,1,1,1,1,1,1,1,1,1,1,1,1,1,[userId],
2025-10-05 21:34:13,2025-10-05 21:34:35,0,174.168.59.199,100,21,1,2025-10-05 21:34:35,R_1txm5ngNZoZ0vap,,,,,42.3649,-71.0987,anonymous,EN,1,1,1,1,1,1,1,1,1,1,1,1,1,1,1,1,1,1,1,1,1,1,1,1,1,1,1,1,1,123,
2025-10-06 09:32:40,2025-10-06 09:33:12,0,172.226.144.70,100,32,1,2025-10-06 09:33:13,R_1rD5dwGwKhs1gFQ,,,,,42.3574,-71.0618,anonymous,EN,1,1,1,1,1,1,1,1,1,1,1,1,1,1,1,1,1,1,1,1,1,1,1,1,1,1,1,1,1,[userId],voice
2025-10-06 11:51:16,2025-10-06 11:51:46,0,18.27.115.203,100,30,1,2025-10-06 11:51:46,R_5LY39Xoh5xYNDgZ,,,,,42.3649,-71.0987,anonymous,EN,1,1,1,1,1,1,1,1,1,1,1,1,1,1,1,1,1,1,1,1,1,1,1,1,1,1,1,1,1,[userId],voice
2025-10-06 11:57:24,2025-10-06 12:01:28,0,18.29.114.222,100,244,1,2025-10-06 12:01:28,R_1mf1g6iapcr5qRb,,,,,42.3649,-71.0987,anonymous,EN,1,5,6,2,3,5,5,8,7,6,7,2,8,6,6,5,7,7,8,5,4,5,5,3,4,2,5,5,5,[userId],voice
2025-10-06 12:03:59,2025-10-06 12:04:31,0,18.27.115.203,100,31,1,2025-10-06 12:04:31,R_7Q22JOwpqkb9CgN,,,,,42.3649,-71.0987,anonymous,EN,2,1,1,1,1,1,1,1,1,1,1,1,1,1,1,1,1,1,1,1,1,1,1,1,1,1,1,1,1,[userId],avatar
2025-10-06 13:36:22,2025-10-06 13:39:32,0,18.29.114.222,100,189,1,2025-10-06 13:39:32,R_3UqgA33BQVvyPzb,,,,,42.3649,-71.0987,anonymous,EN,1,5,5,5,5,5,5,5,5,5,5,5,5,5,5,5,5,5,5,4,4,4,4,4,4,4,4,4,4,test,text
2025-10-06 14:58:14,2025-10-06 14:58:34,0,172.226.144.39,100,19,1,2025-10-06 14:58:34,R_3g5RVk2XVOIXdFp,,,,,42.3574,-71.0618,anonymous,EN,1,1,1,1,1,1,1,1,1,1,1,1,1,1,1,1,1,1,1,1,1,1,1,1,1,1,1,1,1,test,voice
2025-10-06 14:58:42,2025-10-06 14:59:12,0,172.226.144.39,100,30,1,2025-10-06 14:59:13,R_3njzIexFPSXxd3h,,,,,42.3574,-71.0618,anonymous,EN,1,1,1,1,1,1,1,1,1,1,1,1,1,1,1,1,1,1,1,1,1,1,1,1,1,1,1,1,1,test,avatar
2025-10-06 14:59:52,2025-10-06 15:01:17,0,172.226.144.39,100,84,1,2025-10-06 15:01:17,R_5Ree8CB7UORPrOh,,,,,42.3574,-71.0618,anonymous,EN,1,1,1,1,1,1,1,1,1,1,1,1,1,1,1,1,1,1,1,1,1,1,1,1,1,1,1,1,1,test,avatar
2025-10-06 15:05:13,2025-10-06 15:05:38,0,18.27.115.203,100,25,1,2025-10-06 15:05:39,R_6vZkY1dQFNNYFLX,,,,,42.3649,-71.0987,anonymous,EN,1,1,1,1,1,1,1,1,1,1,1,1,1,1,1,1,1,1,1,1,1,1,1,1,1,1,1,1,1,test,avatar
2025-10-06 15:34:10,2025-10-06 15:34:13,1,,100,3,1,2025-10-06 15:34:14,R_1l3jpVOJFFzMXd7,,,,,42.3649,-71.0987,preview,EN,2,,,,,,,,,,,,,,,,,,,,,,,,,,,,,,
2025-10-06 15:36:44,2025-10-06 15:36:47,1,,100,2,1,2025-10-06 15:36:47,R_1aqQmHbvwJbgyZP,,,,,42.3649,-71.0987,preview,EN,2,,,,,,,,,,,,,,,,,,,,,,,,,,,,,,
2025-10-06 15:36:52,2025-10-06 15:37:13,1,,100,21,1,2025-10-06 15:37:13,R_1qmxDDGQQ7eSvsf,,,,,42.3649,-71.0987,preview,EN,1,2,2,2,2,2,2,,,,,,,,,,,,,,,,,,,,,,,,
2025-10-06 15:37:19,2025-10-06 15:37:36,1,,100,17,1,2025-10-06 15:37:37,R_1svTLTOj9bkUwPH,,,,,42.3649,-71.0987,preview,EN,2,,,,,,,,,,,,,,,,,,,,,,,,,,,,,,
2025-10-06 15:37:56,2025-10-06 15:38:00,0,18.29.125.138,100,4,1,2025-10-06 15:38:00,R_5Cjn5sLPIx0zf5z,,,,,42.3649,-71.0987,anonymous,EN,2,,,,,,,,,,,,,,,,,,,,,,,,,,,,,[userId],voice
2025-10-06 15:39:43,2025-10-06 15:40:08,0,18.27.115.203,100,24,1,2025-10-06 15:40:08,R_5KTMKT4pOa0hUD7,,,,,42.3649,-71.0987,anonymous,EN,1,1,1,1,1,1,1,1,1,1,1,1,1,1,1,1,1,1,1,1,1,1,1,1,,1,1,1,1,[userId],avatar
2025-10-06 16:23:42,2025-10-06 16:25:11,0,64.98.58.73,100,89,1,2025-10-06 16:25:11,R_71hM7YfcL3qAmf3,,,,,39.6511,-104.9921,anonymous,EN,1,1,1,1,6,6,6,6,6,2,6,2,6,5,6,6,6,5,6,3,3,3,3,3,3,3,,3,3,6015ba06aa02256df4792d15,text
2025-10-06 16:25:34,2025-10-06 16:27:08,0,68.96.38.128,100,94,1,2025-10-06 16:27:08,R_6WvcTq25axcmgY4,,,,,30.0521,-89.9584,anonymous,EN,1,4,2,2,5,4,5,8,7,5,7,2,7,5,7,8,6,4,6,3,4,3,3,2,3,2,3,4,4,67296c945c2b23b3b4f9d079,text
2025-10-06 16:25:24,2025-10-06 16:27:41,0,24.61.182.53,100,137,1,2025-10-06 16:27:41,R_32qYQJ0uKODdBaW,,,,,42.991,-71.4891,anonymous,EN,1,7,6,2,1,6,6,7,7,8,7,1,8,8,8,8,2,8,6,4,5,6,6,5,5,2,5,6,6,666559e634fffd1ce19ba654,voice
2025-10-06 16:25:12,2025-10-06 16:27:59,0,66.42.18.246,100,166,1,2025-10-06 16:27:59,R_5XmrZ92i4qaRETy,,,,,28.4338,-81.3472,anonymous,EN,1,5,5,3,3,5,5,8,7,5,8,1,8,5,8,8,7,6,8,4,3,4,4,2,1,1,3,3,4,5c3e359b08a31d000166b9aa,text
2025-10-06 16:27:10,2025-10-06 16:29:15,0,70.120.180.7,100,125,1,2025-10-06 16:29:15,R_6djcoVJAjF5ZjK2,,,,,31.8211,-106.5739,anonymous,EN,1,5,3,3,6,5,5,5,6,6,7,5,7,5,5,7,6,5,5,4,5,4,4,4,5,4,4,5,5,66a02d45a7db35d93c9f6a81,avatar
2025-10-06 16:27:06,2025-10-06 16:30:26,0,107.77.222.139,100,199,1,2025-10-06 16:30:26,R_5PBiWOdGQaXlTxy,,,,,30.0106,-95.4498,anonymous,EN,1,1,1,6,6,2,2,8,2,7,8,1,2,8,8,4,4,7,6,5,5,5,5,5,1,1,,,6,668b37077c15ef8634f2121c,avatar
2025-10-06 16:27:14,2025-10-06 16:33:15,0,98.51.11.81,100,360,1,2025-10-06 16:33:15,R_3Du57GESDSdQVgH,,,,,38.5879,-121.4053,anonymous,EN,1,7,7,5,1,3,4,5,6,8,7,6,5,8,5,7,1,7,2,2,4,4,4,3,2,2,3,3,3,67414dcbcf89f6a633385d49,voice
2025-10-06 16:33:42,2025-10-06 16:38:07,0,24.192.168.61,100,264,1,2025-10-06 16:38:07,R_7Q7HCgSS9IKqdY5,,,,,42.6206,-82.9608,anonymous,EN,1,1,1,1,7,7,7,5,8,1,5,1,5,5,5,8,5,1,8,2,3,3,3,2,2,2,3,3,5,62d43cee3d60ac98c1dcacc8,voice
2025-10-06 16:35:53,2025-10-06 16:38:51,0,68.194.179.11,100,178,1,2025-10-06 16:38:52,R_1OWGgRqzK7ipo2Z,,,,,41.3412,-73.882,anonymous,EN,1,6,5,5,4,3,4,7,7,4,7,4,6,4,7,7,7,5,6,4,4,4,4,2,3,2,4,4,4,610835949b556d70924fd817,text
2025-10-06 16:37:23,2025-10-06 16:40:55,0,67.165.179.16,100,212,1,2025-10-06 16:40:55,R_6Dkmyo9LC15FTNX,,,,,41.9025,-87.6726,anonymous,EN,1,5,5,3,3,6,6,5,7,4,6,4,5,6,5,5,5,6,6,4,3,4,4,2,2,3,4,5,5,671b277a6d04904df5f9503b,avatar
2025-10-06 16:36:31,2025-10-06 16:40:59,0,174.234.147.80,100,267,1,2025-10-06 16:40:59,R_6B9Afpojfriz6F7,,,,,45.0196,-93.2402,anonymous,EN,1,5,5,5,3,3,4,5,5,6,4,3,4,4,4,3,2,7,3,5,5,5,5,3,3,2,2,4,2,5d2e4267565e1200017efb42,voice
2025-10-06 16:38:23,2025-10-06 16:41:00,0,24.128.221.161,100,156,1,2025-10-06 16:41:00,R_5rDD0uzmnYxNpZk,,,,,41.8993,-84.0402,anonymous,EN,1,2,2,1,5,4,5,7,6,2,7,2,6,7,7,8,5,6,7,2,5,5,5,3,3,2,1,5,5,5d90298097a2130015f3fa3c,text
2025-10-06 16:41:23,2025-10-06 16:42:13,0,73.148.97.252,100,50,1,2025-10-06 16:42:13,R_7iYB4OnmI18J0iZ,,,,,39.018,-77.539,anonymous,EN,1,1,1,1,6,5,6,7,6,6,6,7,7,5,5,6,6,7,6,5,4,4,5,4,4,4,3,4,4,60fd6618f9a377f54dcdf318,text
2025-10-06 16:40:34,2025-10-06 16:42:32,0,24.205.220.57,100,117,1,2025-10-06 16:42:32,R_5dNgGyDSzXnpOjw,,,,,38.9177,-119.7266,anonymous,EN,1,6,6,1,2,2,6,7,6,8,7,2,5,5,5,7,3,8,7,2,5,2,5,2,1,1,5,5,5,60bff9298f56d55c8ecd9adf,text
2025-10-06 16:40:27,2025-10-06 16:42:56,0,67.141.88.197,100,149,1,2025-10-06 16:42:57,R_1ybNRfdCZh63a49,,,,,41.6969,-79.0326,anonymous,EN,1,5,5,3,3,5,5,8,7,5,6,1,6,7,5,7,3,8,7,5,5,5,5,3,3,2,3,3,3,66b93ba9ccbb002158c59355,text
2025-10-06 16:41:07,2025-10-06 16:43:02,0,70.57.91.198,100,114,1,2025-10-06 16:43:02,R_7zUeP7W0tpDcylD,,,,,37.168,-93.3039,anonymous,EN,1,3,2,3,6,3,6,5,6,8,6,6,6,7,3,6,3,7,6,4,4,4,4,3,3,3,3,3,3,5efaf5d5540ce9953f995009,voice
2025-10-06 16:41:17,2025-10-06 16:43:49,0,45.24.17.89,100,152,1,2025-10-06 16:43:50,R_1F2FjRn7AXzwAXT,,,,,32.3904,-93.7117,anonymous,EN,1,2,2,1,6,5,6,4,6,4,6,7,7,6,6,6,6,5,5,3,4,4,4,3,3,3,5,5,5,66199822c723a66ae0d5fc24,text
2025-10-06 16:43:15,2025-10-06 16:44:30,0,130.45.30.156,100,75,1,2025-10-06 16:44:31,R_5ohHAUKkV4MR6kD,,,,,30.2661,-97.7136,anonymous,EN,1,1,1,1,6,6,7,6,6,3,6,5,6,7,6,7,6,6,6,2,4,4,4,3,2,3,4,4,4,66a9979ad8c56c6f29446781,avatar
2025-10-06 16:43:22,2025-10-06 16:44:33,0,96.58.146.20,100,71,1,2025-10-06 16:44:34,R_7F0qlcAsIPVV5tf,,,,,27.5595,-82.3934,anonymous,EN,1,5,5,1,4,4,5,5,4,5,4,5,5,5,5,5,5,5,5,3,3,3,3,3,3,3,2,2,2,6340b7955ab968e4426eb476,avatar
2025-10-06 16:41:15,2025-10-06 16:44:36,0,68.134.247.44,100,200,1,2025-10-06 16:44:36,R_15vlf4rULSADuiO,,,,,39.3888,-76.4988,anonymous,EN,1,1,1,1,6,7,6,7,8,1,7,2,7,2,7,8,7,1,7,2,5,2,5,1,2,2,6,6,6,66463e4efb99fba5a67a010a,text
2025-10-06 16:39:27,2025-10-06 16:44:38,0,107.10.39.142,100,310,1,2025-10-06 16:44:38,R_7V28BiZTA7EWsIq,,,,,41.4344,-81.6373,anonymous,EN,1,6,3,3,5,4,4,6,6,6,7,5,6,8,6,5,4,6,5,1,4,4,4,2,4,4,4,4,5,67a8bfb2f846cd3ea9bcd898,text
2025-10-06 16:41:44,2025-10-06 16:45:09,0,69.142.3.0,100,205,1,2025-10-06 16:45:09,R_1ZEm2Ws9hfFrymT,,,,,40.0881,-74.1195,anonymous,EN,1,2,5,4,5,5,4,6,7,5,6,2,6,7,4,2,1,7,4,3,3,4,5,1,1,1,3,3,3,6643cbd6903cfc9bd5d0be09,text
2025-10-06 16:41:35,2025-10-06 16:47:50,0,71.85.246.192,100,375,1,2025-10-06 16:47:51,R_5FjqWA2qAClYgQ9,,,,,38.2309,-90.3857,anonymous,EN,1,5,6,2,4,6,6,6,7,5,7,2,6,3,7,6,6,7,6,3,5,3,4,4,4,5,4,5,5,628f83dc5398c04bac86f9e6,voice
2025-10-06 16:45:05,2025-10-06 16:48:44,0,35.146.5.144,100,218,1,2025-10-06 16:48:44,R_1HQt12TOvPqEk6d,,,,,32.7226,-97.0785,anonymous,EN,1,6,3,2,4,6,3,5,5,5,6,5,4,6,4,2,3,7,3,3,4,4,4,3,4,4,4,5,5,6113ffbf45e79bc2769db74c,text
2025-10-06 16:48:31,2025-10-06 16:49:39,0,47.208.156.162,100,68,1,2025-10-06 16:49:39,R_7NafWpVibT621Xj,,,,,40.9465,-124.0834,anonymous,EN,1,5,5,2,3,6,5,7,7,2,7,1,7,2,6,7,7,3,7,2,3,3,3,2,1,3,3,3,4,6643f08978c19c6cf8de82d4,voice
2025-10-06 16:46:30,2025-10-06 16:49:51,0,73.197.154.140,100,201,1,2025-10-06 16:49:52,R_3RrUieKTpM4rBnr,,,,,39.6365,-74.8024,anonymous,EN,1,2,1,1,6,4,6,7,7,2,7,2,7,2,7,7,2,2,7,2,3,3,3,2,2,2,2,2,3,5a198755f2e3460001edc5c9,text
2025-10-06 16:51:28,2025-10-06 16:53:12,0,23.117.218.17,100,104,1,2025-10-06 16:53:12,R_5uP6Eb85ppxnHVV,,,,,38.2132,-84.5455,anonymous,EN,1,5,2,6,7,4,3,6,4,7,6,2,5,7,5,5,5,7,3,2,5,4,5,4,3,3,5,6,5,676f6e127fe25105c06e8775,text
2025-10-06 16:48:16,2025-10-06 16:53:20,0,46.110.179.173,100,304,1,2025-10-06 16:53:21,R_5sZWUzn2e43THmp,,,,,41.4943,-90.5001,anonymous,EN,1,6,3,1,3,2,6,6,6,8,6,2,4,7,6,5,3,8,7,4,4,4,5,2,2,2,2,3,3,62c63362e7342ad8be294866,voice
2025-10-06 16:52:46,2025-10-06 16:54:46,0,68.96.110.52,100,120,1,2025-10-06 16:54:46,R_5AEFXQVFkBoGLjH,,,,,36.1091,-114.9206,anonymous,EN,1,5,6,3,2,4,5,5,5,6,5,4,5,5,5,5,5,7,7,3,4,4,4,4,4,4,3,3,3,6785704c3b1ab8813a4958b0,avatar
2025-10-06 16:51:57,2025-10-06 16:54:59,0,174.68.195.156,100,181,1,2025-10-06 16:55:00,R_1q90uNsgIDrbaRZ,,,,,33.1617,-117.2429,anonymous,EN,1,4,3,4,2,3,2,7,6,3,8,1,8,7,5,5,4,6,3,1,3,3,3,3,3,2,5,5,5,65e122e74d202ea19cde5055,text
2025-10-06 16:53:29,2025-10-06 16:55:53,0,69.138.57.85,100,143,1,2025-10-06 16:55:53,R_1tbAPIzkBKSeaU7,,,,,36.3834,-86.4512,anonymous,EN,1,2,4,3,4,6,5,6,7,4,6,2,6,2,5,5,1,4,6,3,4,4,3,2,1,1,3,3,3,67884b1aa6c55d9dd2388778,avatar
2025-10-06 16:58:21,2025-10-06 16:59:33,0,98.26.71.77,100,72,1,2025-10-06 16:59:34,R_7gdrohT3kBTnTot,,,,,35.8015,-80.8967,anonymous,EN,1,5,4,2,6,4,6,8,8,7,7,3,8,8,6,7,7,2,6,3,3,4,5,4,4,5,5,4,4,58a1fe40ea3d11000170d9b9,text
2025-10-06 17:00:02,2025-10-06 17:02:36,0,73.45.84.68,100,154,1,2025-10-06 17:02:36,R_6MrtqksETSgZzDO,,,,,42.2586,-87.8406,anonymous,EN,1,2,1,1,6,5,7,8,7,5,8,2,8,5,7,8,6,7,7,4,5,5,6,4,2,3,5,6,5,674df71dd20065d29a151f43,voice
2025-10-06 16:41:40,2025-10-06 17:04:32,0,70.188.239.123,100,1371,1,2025-10-06 17:04:32,R_7MFMOvLGq6oby0a,,,,,30.4863,-87.1829,anonymous,EN,1,1,1,1,6,6,7,5,8,2,5,1,5,3,7,8,5,4,7,2,4,3,5,4,3,4,5,5,5,660cda55786e37b1cbb49717,voice
2025-10-06 17:01:23,2025-10-06 17:04:33,0,70.40.79.140,100,190,1,2025-10-06 17:04:33,R_3zomvowJENA3ZS1,,,,,34.2563,-78.0447,anonymous,EN,1,6,6,6,2,2,2,2,2,7,3,5,2,6,3,3,1,7,1,3,3,3,3,2,2,2,2,3,3,5c7cf8b58ca9000001b52f6e,avatar
2025-10-06 17:02:02,2025-10-06 17:04:37,0,24.229.163.152,100,155,1,2025-10-06 17:04:37,R_66kDMxDHTbRlgZt,,,,,40.5929,-75.1025,anonymous,EN,1,5,5,5,5,2,2,6,3,6,5,3,4,5,6,3,3,6,3,5,5,5,5,2,1,2,2,4,4,6625ac4d6f5a636552f8adf0,voice
2025-10-06 17:01:39,2025-10-06 17:06:03,0,96.234.36.212,100,264,1,2025-10-06 17:06:03,R_1o0xFinEgiOqwEx,,,,,40.9373,-74.1563,anonymous,EN,1,5,5,4,4,3,3,6,5,6,5,3,7,6,5,6,3,7,6,3,4,3,4,2,2,1,3,3,3,5ac5260dfa3b4e0001736dd3,avatar
2025-10-06 17:05:43,2025-10-06 17:07:38,0,24.186.234.117,100,115,1,2025-10-06 17:07:39,R_5lsLSpJZt07MO36,,,,,41.0641,-73.548,anonymous,EN,1,1,1,1,1,1,1,7,8,4,6,5,7,5,7,7,6,7,8,3,5,5,5,1,1,1,1,1,1,6745731e75a88802a56be3ef,voice
2025-10-06 16:59:44,2025-10-06 17:09:59,0,96.225.77.42,100,614,1,2025-10-06 17:09:59,R_3QFMXgkcURvo0w9,,,,,40.6679,-74.1178,anonymous,EN,1,5,7,1,5,5,4,5,5,5,7,3,6,8,6,7,1,7,1,1,1,1,2,2,3,2,4,5,4,[userId],avatar
2025-10-06 17:08:09,2025-10-06 17:10:14,0,136.52.20.104,100,125,1,2025-10-06 17:10:14,R_1y3r6L0WmQ9iA3n,,,,,33.7389,-117.748,anonymous,EN,1,5,5,4,3,4,4,6,6,5,5,4,6,6,6,6,6,6,6,2,2,2,2,3,3,3,3,4,4,671eefb130967a416003ffea,voice
2025-10-06 17:07:54,2025-10-06 17:10:35,0,108.53.131.245,100,161,1,2025-10-06 17:10:35,R_7MXtVRFrjARCNPo,,,,,40.3209,-74.4208,anonymous,EN,1,5,4,2,4,4,5,5,7,5,7,5,7,7,5,6,7,6,5,3,4,3,4,2,3,2,2,3,2,6789ac8527bbce25fe21a7a4,voice
2025-10-06 17:07:41,2025-10-06 17:13:28,0,216.49.22.156,100,347,1,2025-10-06 17:13:29,R_3hXzI4Pv2PSzYMq,,,,,41.0274,-76.0036,anonymous,EN,1,3,4,1,6,3,7,5,8,8,6,5,6,8,5,1,4,8,8,2,2,1,4,2,1,4,2,2,3,60c8467d9872c0d83f695499,avatar
2025-10-06 17:11:47,2025-10-06 17:13:46,0,172.222.32.30,100,119,1,2025-10-06 17:13:47,R_7URtLwPivFqzNM5,,,,,45.0617,-83.4327,anonymous,EN,1,1,1,1,6,5,7,5,8,2,8,2,8,5,8,8,8,2,7,4,4,4,5,3,3,2,5,4,4,60ce89c7357eeffe77fca946,avatar
2025-10-06 17:10:44,2025-10-06 17:14:09,0,67.176.200.194,100,204,1,2025-10-06 17:14:09,R_3EBkArXTz4upri3,,,,,41.6904,-87.6157,anonymous,EN,1,1,1,1,6,4,5,7,5,6,5,2,5,5,5,4,3,1,5,5,5,5,5,4,2,2,3,5,5,5e850b0e390e520ec806b084,text
2025-10-06 17:13:02,2025-10-06 17:15:57,0,98.26.71.77,100,174,1,2025-10-06 17:15:57,R_6QK6xcy2SYY9xOU,,,,,35.8015,-80.8967,anonymous,EN,1,5,2,1,5,4,6,8,8,4,7,4,7,6,8,7,8,7,8,3,5,4,4,3,3,4,3,3,4,58a1fe40ea3d11000170d9b9,text
2025-10-06 17:13:41,2025-10-06 17:16:36,0,173.217.84.215,100,175,1,2025-10-06 17:16:37,R_6cnpWGzSpwEo2Ok,,,,,30.2159,-93.3585,anonymous,EN,1,5,4,3,5,4,6,8,5,5,8,4,8,7,6,6,4,7,8,3,3,4,5,3,1,2,3,3,3,67062295123561f8241f65fc,text
2025-10-06 17:14:44,2025-10-06 17:18:23,0,174.228.230.88,100,218,1,2025-10-06 17:18:23,R_1DqIfrMc6JmU1Y2,,,,,39.7513,-74.9999,anonymous,EN,1,5,5,3,4,5,5,5,4,4,6,6,5,6,5,6,3,7,3,2,3,2,4,2,3,2,3,3,3,57656f6c2bfddf000125cce5,avatar
2025-10-06 17:17:16,2025-10-06 17:19:58,0,73.191.242.28,100,162,1,2025-10-06 17:19:58,R_3LwoHHwu9a1ZrMB,,,,,42.4095,-82.947,anonymous,EN,1,2,7,5,5,1,3,7,5,8,8,3,7,1,8,8,3,6,5,2,4,2,2,1,1,1,4,5,6,663a5c3c9ca80f412652721d,voice
2025-10-06 17:17:12,2025-10-06 17:20:51,0,73.187.160.100,100,218,1,2025-10-06 17:20:52,R_5a8rhGn9xq1DAh0,,,,,39.9649,-77.0086,anonymous,EN,1,5,5,4,4,3,4,6,6,7,5,4,7,8,6,4,5,6,5,2,2,4,4,2,2,2,3,3,3,6722ae0741429fa41d8893db,text
2025-10-06 17:29:16,2025-10-06 17:35:15,0,174.227.250.38,100,359,1,2025-10-06 17:35:16,R_7y528zSVaytAU9j,,,,,28.5177,-81.4508,anonymous,EN,1,1,2,1,7,6,7,8,7,1,8,1,8,6,8,7,8,1,7,4,2,3,2,3,4,2,3,4,3,6722b6b9cb69415ce7f4c688,voice
2025-10-06 17:34:40,2025-10-06 17:36:53,0,74.68.36.169,100,132,1,2025-10-06 17:36:53,R_19wZnyiKzozaWFr,,,,,40.7157,-74,anonymous,EN,1,3,3,5,5,3,3,6,6,1,6,3,7,7,6,6,3,6,5,2,2,3,3,2,2,1,3,3,3,663a7af013938e6bbfb065d5,text
2025-10-06 17:35:16,2025-10-06 17:37:10,0,35.145.40.128,100,114,1,2025-10-06 17:37:10,R_7rA6Q0CWxxbZvN6,,,,,28.5464,-81.2585,anonymous,EN,1,2,2,2,6,6,6,7,7,2,7,2,6,2,6,7,6,3,6,2,5,5,5,2,2,2,5,5,5,66ecded667f721bca7e5609d,text
2025-10-06 17:39:53,2025-10-06 17:44:22,0,174.231.132.74,100,268,1,2025-10-06 17:44:22,R_6UYtG9LzslsxvVZ,,,,,47.6109,-122.3303,anonymous,EN,1,5,1,2,6,5,5,6,6,5,5,7,6,8,5,2,3,6,5,3,3,4,4,2,4,2,2,3,3,671d553e0d035028da7d29a1,text
2025-10-06 17:44:15,2025-10-06 17:45:23,0,70.228.76.115,100,68,1,2025-10-06 17:45:24,R_13LvvIZfxVy11Zf,,,,,37.26,-121.9173,anonymous,EN,1,2,2,2,6,3,6,7,6,3,6,3,8,6,7,8,5,6,7,4,4,4,4,3,2,3,4,4,4,57d6dd8d6598aa000199188b,text
2025-10-06 17:42:11,2025-10-06 17:46:50,0,73.91.134.135,100,279,1,2025-10-06 17:46:50,R_3TXjQoBx9seF7ME,,,,,35.164,-89.7826,anonymous,EN,1,2,5,7,5,5,3,5,7,5,7,4,3,7,4,4,2,7,4,3,6,4,6,1,1,1,2,3,3,6630f48f17953c0cd655713e,text
2025-10-06 17:46:22,2025-10-06 17:48:22,0,24.45.3.35,100,120,1,2025-10-06 17:48:22,R_6ctS1jmQWFtwBcN,,,,,40.8731,-74.7426,anonymous,EN,1,2,3,2,5,3,3,6,5,3,6,3,5,3,6,6,6,3,5,4,4,4,4,3,3,3,4,4,4,677991de3695b0255b8c8bd2,avatar
2025-10-06 17:48:08,2025-10-06 17:53:55,0,108.54.202.16,100,347,1,2025-10-06 17:53:56,R_7TBVxpNf8iESOQx,,,,,40.6764,-73.8753,anonymous,EN,1,6,5,6,2,1,2,7,5,7,7,2,8,8,5,7,5,8,5,1,3,3,4,3,2,4,4,5,5,663a3ec623585cdc234e2dc5,text
2025-10-06 17:47:31,2025-10-06 17:54:02,0,75.65.24.102,100,391,1,2025-10-06 17:54:03,R_7JaUl6W4ONQhPMd,,,,,35.056,-89.8598,anonymous,EN,1,7,7,7,1,1,1,5,4,7,5,2,6,8,3,1,1,8,1,4,4,4,4,1,1,1,3,3,3,660b1447c1e2bd7f4969dd42,avatar
2025-10-06 17:52:36,2025-10-06 17:54:13,0,172.225.30.21,100,96,1,2025-10-06 17:54:13,R_1mml7pEspCFgxsW,,,,,39.0469,-77.4903,anonymous,EN,1,1,1,1,7,7,5,6,7,3,5,1,7,5,5,7,4,7,5,5,5,5,5,5,5,3,5,3,5,6797d5ada6654ec99f741b08,voice
2025-10-06 17:53:08,2025-10-06 17:56:15,0,107.140.107.240,100,187,1,2025-10-06 17:56:15,R_5qEmKzEhknDjj93,,,,,41.6055,-81.4654,anonymous,EN,1,1,1,1,7,3,5,8,8,8,8,2,8,5,8,8,8,2,7,5,5,5,5,4,4,5,4,6,5,63e55bb2f8e6aec6a4031bd8,voice
2025-10-06 17:42:28,2025-10-06 17:56:31,0,172.59.220.33,100,842,1,2025-10-06 17:56:31,R_5nAdstAJ3xXWCYM,,,,,35.2369,-80.8957,anonymous,EN,1,6,6,1,4,5,7,7,8,4,8,1,8,6,8,7,5,7,8,2,4,4,5,3,2,4,5,5,5,60bec2aeb32067ea868876ec,text
2025-10-06 17:43:30,2025-10-06 17:56:34,0,98.26.71.77,100,784,1,2025-10-06 17:56:35,R_5L22wIl7Prc0HhD,,,,,35.8015,-80.8967,anonymous,EN,1,4,3,1,6,5,6,8,7,5,7,7,8,8,7,7,7,6,6,4,4,3,5,4,4,5,4,3,4,58a1fe40ea3d11000170d9b9,avatar
2025-10-06 17:56:09,2025-10-06 17:58:16,0,73.33.36.237,100,126,1,2025-10-06 17:58:16,R_1tg0wAGSwwn2P6j,,,,,39.4494,-74.7307,anonymous,EN,1,2,5,3,5,3,5,6,5,2,5,3,6,4,6,7,5,4,6,2,4,4,5,2,3,3,4,5,4,5a98d411f05361000171ebe7,text
2025-10-06 17:57:49,2025-10-06 17:59:50,0,35.146.5.144,100,121,1,2025-10-06 17:59:51,R_6oAu6uSW1evjF0m,,,,,32.7226,-97.0785,anonymous,EN,1,6,2,3,5,6,4,5,6,7,5,7,5,7,5,3,3,7,5,5,5,5,4,3,3,5,4,4,4,6113ffbf45e79bc2769db74c,avatar
2025-10-06 17:57:45,2025-10-06 18:01:03,0,71.150.221.208,100,197,1,2025-10-06 18:01:04,R_6rBNh11rSzyHAxV,,,,,32.8646,-96.7884,anonymous,EN,1,4,5,2,4,3,5,5,6,6,7,6,6,8,5,5,5,7,5,1,3,1,3,1,1,1,3,2,3,66553eb5f10b5700001d20de,voice
2025-10-06 17:56:09,2025-10-06 18:02:52,0,24.130.93.19,100,403,1,2025-10-06 18:02:53,R_1hcJFNJMKI12GGO,,,,,37.5742,-122.325,anonymous,EN,1,2,2,2,5,4,5,6,6,4,7,4,5,5,5,7,7,6,6,2,2,3,3,3,2,2,3,3,3,6759fa50a9bb240e423de357,voice
2025-10-06 17:56:46,2025-10-06 18:02:59,0,73.169.117.139,100,372,1,2025-10-06 18:02:59,R_1dS3WJ3rh8OkCWO,,,,,39.8294,-104.9095,anonymous,EN,1,1,1,1,6,6,6,5,7,7,6,3,7,7,7,6,6,7,7,4,4,5,5,4,5,5,4,4,5,610508c09d61c098f072605b,text
2025-10-06 18:01:10,2025-10-06 18:03:06,0,73.133.191.45,100,116,1,2025-10-06 18:03:06,R_7MsrBCmKnwXVuIS,,,,,39.2891,-76.5583,anonymous,EN,1,5,5,3,3,5,5,7,6,6,7,3,6,5,7,7,7,6,7,2,4,3,4,2,2,3,4,4,4,60fd6e6d7b35102b8ca961a5,voice
2025-10-06 18:03:14,2025-10-06 18:04:26,0,76.86.27.121,100,72,1,2025-10-06 18:04:26,R_7wi4KUZZFf53d2t,,,,,34.1449,-118.3887,anonymous,EN,1,2,2,1,7,7,7,7,7,7,5,6,8,8,7,7,7,7,7,6,6,6,5,5,6,6,6,6,5,62bb42e2f21cfdb280cc975f,text
2025-10-06 18:02:38,2025-10-06 18:05:41,0,50.49.205.85,100,182,1,2025-10-06 18:05:41,R_6I5n3DEzqWL3m8C,,,,,41.328,-74.1894,anonymous,EN,1,1,1,1,6,1,1,7,7,2,7,2,7,7,7,7,7,2,7,5,5,5,5,3,3,3,3,3,3,5930c7fdfa699e0001017cc1,text
2025-10-06 17:41:29,2025-10-06 18:05:41,0,68.134.247.44,100,1452,1,2025-10-06 18:05:42,R_1UVCl9OZojji9ix,,,,,39.3888,-76.4988,anonymous,EN,1,1,1,1,7,7,7,7,8,1,7,1,8,1,7,8,7,1,8,2,5,3,5,2,2,2,5,5,5,66463e4efb99fba5a67a010a,avatar
2025-10-06 17:19:16,2025-10-06 18:10:27,0,173.217.93.145,100,3071,1,2025-10-06 18:10:28,R_1wN5YdVdUp4cRga,,,,,30.1235,-93.1878,anonymous,EN,1,6,5,2,2,4,5,4,7,7,6,6,6,7,6,2,2,7,6,1,1,1,1,4,4,4,3,3,3,610e0a1e95c323743ff02dcb,voice
2025-10-06 18:11:42,2025-10-06 18:12:37,0,73.148.97.252,100,55,1,2025-10-06 18:12:38,R_6r2kNJZTJUPmZhU,,,,,39.018,-77.539,anonymous,EN,1,1,1,1,1,5,6,6,5,1,1,1,6,5,6,6,6,2,6,5,4,4,5,4,4,4,4,,,60fd6618f9a377f54dcdf318,avatar
2025-10-06 18:12:51,2025-10-06 18:15:09,0,96.19.76.16,100,137,1,2025-10-06 18:15:09,R_3WhmrbzgLdq9P1f,,,,,43.6502,-116.4343,anonymous,EN,1,5,2,2,6,5,6,7,7,8,8,6,8,3,7,8,5,8,6,2,4,5,5,3,2,4,5,5,5,6621a2f38453311275d17d65,avatar
2025-10-06 18:14:17,2025-10-06 18:15:56,0,24.19.139.201,100,99,1,2025-10-06 18:15:57,R_1Gj2Ouev3WwBcDn,,,,,47.1445,-122.2548,anonymous,EN,1,6,6,5,1,1,2,2,2,8,1,5,1,7,1,1,1,8,1,5,4,4,4,2,2,6,1,1,1,67439be8ee2236a7c078d523,avatar
2025-10-06 18:13:56,2025-10-06 18:16:43,0,47.34.5.241,100,167,1,2025-10-06 18:16:44,R_3IlKwdanzOKUg5t,,,,,42.6331,-88.6437,anonymous,EN,1,2,2,2,6,4,4,6,6,4,6,5,6,5,5,6,6,5,6,4,4,4,4,2,2,2,3,3,2,649754db1c54fad23e345093,avatar
2025-10-06 18:16:22,2025-10-06 18:17:51,0,73.223.56.120,100,88,1,2025-10-06 18:17:51,R_7VMJFw2QVYD2eOt,,,,,37.7022,-121.9358,anonymous,EN,1,1,1,2,4,4,4,6,6,1,8,3,7,1,7,5,5,1,5,2,2,2,2,1,1,1,1,1,1,630abefa2e2a5053ffe0636d,avatar
2025-10-06 18:14:27,2025-10-06 18:18:13,0,24.198.97.245,100,225,1,2025-10-06 18:18:13,R_31EQckXfoAwv2W3,,,,,44.9342,-68.6453,anonymous,EN,1,3,5,3,4,5,5,6,6,5,6,2,5,6,5,6,5,6,6,2,4,4,5,3,2,4,4,5,4,6287a504c4cb277cf781b6bb,text
2025-10-06 18:17:24,2025-10-06 18:20:21,0,172.3.163.67,100,176,1,2025-10-06 18:20:21,R_5TFReBEupoa8dMt,,,,,29.2007,-81.0388,anonymous,EN,1,3,2,4,5,2,4,2,4,5,2,4,3,5,4,3,2,7,4,3,4,4,4,3,4,2,2,3,2,6759153b3eedcded280918ce,voice
2025-10-06 18:20:34,2025-10-06 18:23:35,0,174.204.67.170,100,181,1,2025-10-06 18:23:36,R_6tG6pNVTNBhNOLj,,,,,47.6109,-122.3303,anonymous,EN,1,2,2,4,5,6,6,7,7,2,8,2,8,2,8,8,7,2,8,4,4,5,4,4,3,4,5,5,4,673378009f99d14c232c1f2b,text
2025-10-06 18:20:05,2025-10-06 18:25:59,0,50.26.168.212,100,353,1,2025-10-06 18:25:59,R_6qNAT7VnkRiLjOm,,,,,33.5982,-101.8758,anonymous,EN,1,2,2,2,6,6,6,7,7,3,7,2,7,2,7,7,7,7,5,3,3,3,3,2,2,2,4,4,4,668525b0e1eff8d40c686ec0,text
2025-10-06 18:19:57,2025-10-06 18:26:06,0,184.92.125.74,100,368,1,2025-10-06 18:26:06,R_7Ex0JyCqZNWrSjT,,,,,30.7187,-97.7533,anonymous,EN,1,1,1,1,7,7,7,8,8,1,8,4,8,7,8,8,8,2,7,5,5,5,5,5,5,5,5,5,5,668bf688d58206e61f399a88,voice
2025-10-06 18:21:13,2025-10-06 18:26:46,0,99.26.148.250,100,332,1,2025-10-06 18:26:46,R_7ocxH4s73VrFZ0l,,,,,33.7871,-117.8821,anonymous,EN,1,1,1,1,6,5,6,7,6,1,7,2,7,2,7,7,7,2,7,5,5,5,5,5,5,5,5,5,5,5fba9fdd33207faa35f61df3,voice
2025-10-06 18:23:11,2025-10-06 18:26:55,0,74.68.36.169,100,223,1,2025-10-06 18:26:55,R_17qhyp1nylNRGSL,,,,,40.7157,-74,anonymous,EN,1,1,1,5,6,2,2,6,5,1,6,3,6,6,6,6,4,5,6,2,2,3,3,2,2,2,2,2,2,663a7af013938e6bbfb065d5,avatar
2025-10-06 18:22:16,2025-10-06 18:26:58,0,47.232.124.67,100,282,1,2025-10-06 18:26:59,R_7fvoz5F7j0sFo7H,,,,,38.4481,-91.0193,anonymous,EN,1,1,1,1,6,6,6,8,8,2,8,1,6,7,7,7,5,4,5,4,4,4,4,4,4,3,3,4,4,663a4e1d7e5525f5851d04c5,text
2025-10-06 18:26:03,2025-10-06 18:27:21,0,47.34.155.35,100,78,1,2025-10-06 18:27:22,R_5Kj6pEik1CXkiJD,,,,,34.4802,-117.4093,anonymous,EN,1,1,1,1,5,3,3,6,6,3,6,3,6,6,5,5,5,5,5,2,2,2,2,1,1,3,3,4,4,6104d73b7cdac0a47a905f0d,voice
2025-10-06 18:29:20,2025-10-06 18:31:16,0,96.32.235.31,100,116,1,2025-10-06 18:31:17,R_3b0DIOHPWuMYkTt,,,,,36.5037,-87.2729,anonymous,EN,1,7,6,3,3,2,5,4,5,4,2,6,5,7,4,5,6,7,4,4,5,4,4,5,4,4,5,4,4,6646611de1c681c9cbb78feb,avatar
2025-10-06 18:25:55,2025-10-06 18:32:10,0,136.56.104.173,100,374,1,2025-10-06 18:32:11,R_56ngEkUggQ0QtD6,,,,,35.9153,-79.0386,anonymous,EN,1,3,5,3,5,4,5,5,5,7,5,8,6,5,2,5,5,6,5,2,2,2,2,2,2,2,3,3,3,6730214557beb89aa16e74c2,voice
2025-10-06 18:31:37,2025-10-06 18:33:53,0,24.115.49.185,100,136,1,2025-10-06 18:33:53,R_5uHAnUnxeJxR5Sm,,,,,40.9485,-75.9565,anonymous,EN,1,3,2,1,5,6,7,7,6,3,7,2,6,8,6,7,6,5,6,4,4,5,5,3,3,3,2,3,3,6296ecaf7ea72c4951583ffd,voice
2025-10-06 18:40:04,2025-10-06 18:40:57,0,68.134.247.44,100,53,1,2025-10-06 18:40:58,R_1L7ubGqZz0INhAT,,,,,39.3888,-76.4988,anonymous,EN,1,1,1,1,7,7,7,7,8,1,8,1,8,1,8,8,8,1,7,2,4,4,4,3,3,3,3,2,3,66463e4efb99fba5a67a010a,voice
2025-10-06 18:45:37,2025-10-06 18:47:57,0,208.66.211.6,100,139,1,2025-10-06 18:47:57,R_3dGhVY2xTrucj7b,,,,,41.2925,-82.219,anonymous,EN,1,3,3,3,5,4,5,7,5,4,7,2,7,5,6,6,6,5,6,4,4,4,4,3,3,3,3,3,3,663aa6420a964c2a7740b9d7,avatar
2025-10-06 18:41:32,2025-10-06 18:49:20,0,68.33.68.49,100,467,1,2025-10-06 18:49:20,R_7e455cq5Zw3IUFI,,,,,39.0851,-77.059,anonymous,EN,1,2,1,1,6,7,7,7,8,1,8,1,7,7,7,8,6,8,7,4,4,5,5,4,2,4,5,5,5,564e93659b124900127eb55b,avatar
2025-10-06 18:51:22,2025-10-06 18:59:17,0,216.49.22.156,100,475,1,2025-10-06 18:59:17,R_6qerEpWHfhyXGyt,,,,,41.0274,-76.0036,anonymous,EN,1,1,1,5,7,1,4,5,8,8,6,8,8,8,5,1,4,8,8,4,4,5,5,2,1,3,2,2,1,60c8467d9872c0d83f695499,voice
2025-10-06 18:59:38,2025-10-06 19:00:20,0,96.233.158.14,100,41,1,2025-10-06 19:00:20,R_3JgaOFVQwT4YSGd,,,,,41.8451,-71.4388,anonymous,EN,1,1,1,1,6,6,6,7,7,1,7,1,5,1,6,7,7,7,7,4,4,4,4,3,3,3,3,3,3,62a885d5b6af18b3d4579e1b,avatar
2025-10-06 19:02:07,2025-10-06 19:03:36,0,98.42.183.22,100,88,1,2025-10-06 19:03:36,R_7JVBJhrhGWiqhos,,,,,36.6808,-121.6164,anonymous,EN,1,1,1,1,6,6,6,7,7,2,7,1,7,1,7,7,7,7,7,5,5,5,5,5,5,5,5,5,5,64309be1d7d085ed8ee4c129,text
2025-10-06 18:53:57,2025-10-06 19:05:59,0,73.205.189.4,100,722,1,2025-10-06 19:05:59,R_10924x0fuNQ8ZBY,,,,,25.6666,-80.4036,anonymous,EN,1,1,1,1,6,6,6,7,7,2,7,1,7,2,8,6,7,2,8,2,2,2,2,5,5,5,5,5,5,66709a4a49e9bb2c80c53c27,voice
2025-10-06 19:06:22,2025-10-06 19:07:58,0,76.176.145.107,100,96,1,2025-10-06 19:07:58,R_3GPubs4EU1CpLkz,,,,,32.8595,-117.2124,anonymous,EN,1,2,2,5,6,4,5,8,8,6,8,2,7,7,7,8,8,4,7,5,5,5,5,6,6,6,6,6,6,611e6704567a73202f78bef7,voice
2025-10-06 19:11:35,2025-10-06 19:15:05,0,99.39.57.183,100,210,1,2025-10-06 19:15:05,R_1hsaNbesmwQ4XIJ,,,,,30.0053,-91.8226,anonymous,EN,1,1,1,1,6,5,7,8,8,1,6,2,8,6,7,8,7,8,8,4,5,5,5,5,5,5,4,5,5,66e7a809808daaac1a79dd40,voice
2025-10-06 19:13:38,2025-10-06 19:16:28,0,104.36.104.127,100,169,1,2025-10-06 19:16:28,R_1PwBrkpGndsFET7,,,,,37.7725,-120.842,anonymous,EN,1,2,3,3,5,3,5,7,5,5,7,6,6,5,6,7,3,8,3,3,5,4,5,3,2,2,3,4,4,5d1c0e818d27eb0016164015,avatar
2025-10-06 19:13:10,2025-10-06 19:16:47,0,146.115.95.130,100,217,1,2025-10-06 19:16:48,R_3yrQAQsf5qeTNFf,,,,,42.5334,-70.9653,anonymous,EN,1,2,1,6,7,1,2,6,2,8,8,1,5,8,3,6,1,8,4,2,5,5,3,3,1,1,4,6,6,62f975cbc3507ecf77180d00,avatar
2025-10-06 19:20:16,2025-10-06 19:23:27,0,208.191.73.67,100,191,1,2025-10-06 19:23:28,R_5hxQfA3BfO3nxeN,,,,,41.6068,-81.4985,anonymous,EN,1,6,5,4,2,2,3,7,5,8,7,2,6,8,6,7,2,7,4,5,5,5,5,6,6,3,3,4,4,663817b7de64fca4fb45a414,voice
2025-10-06 19:23:00,2025-10-06 19:27:11,0,47.205.206.223,100,251,1,2025-10-06 19:27:12,R_6J380fUp1sYXXqN,,,,,27.5595,-82.3934,anonymous,EN,1,1,1,1,6,6,6,7,8,2,8,1,7,2,7,8,7,8,7,1,4,4,1,1,1,1,4,4,4,611622ddd8be1ac51298cb89,avatar
2025-10-06 18:54:52,2025-10-06 19:41:50,0,24.125.217.146,100,2817,1,2025-10-06 19:41:51,R_1j7bAThWbTwDXwZ,,,,,33.8607,-84.6884,anonymous,EN,1,1,1,1,7,5,7,8,8,1,6,1,8,6,8,8,3,1,8,2,5,6,6,3,3,3,5,6,6,5f3ebd568c429614c0f595e8,voice
2025-10-06 19:37:56,2025-10-06 19:43:30,0,73.86.40.231,100,333,1,2025-10-06 19:43:30,R_1qfjjNNcEf96XIQ,,,,,38.9635,-76.9672,anonymous,EN,1,5,3,1,6,5,5,7,8,3,6,2,7,2,7,7,6,2,6,1,4,4,4,5,5,5,5,5,5,[userId],voice
2025-10-06 19:42:34,2025-10-06 19:49:48,0,68.104.0.62,100,433,1,2025-10-06 19:49:48,R_7jV9Shrqoe4Lg7s,,,,,36.2082,-115.2957,anonymous,EN,1,5,5,5,3,3,3,6,5,6,7,3,6,7,6,7,6,6,5,5,4,4,5,3,4,4,4,4,4,611edc7240c940f33a5dd554,voice
2025-10-06 19:46:27,2025-10-06 19:50:43,0,97.221.112.163,100,255,1,2025-10-06 19:50:43,R_5NFDzxWRnC2MbVK,,,,,26.6292,-81.968,anonymous,EN,1,1,1,1,7,4,6,8,6,2,7,2,7,5,8,6,4,6,6,4,4,5,5,4,5,5,4,5,4,6410e763dc2f2726ac16ee05,voice
2025-10-06 19:17:31,2025-10-06 19:52:16,0,72.241.228.199,100,2085,1,2025-10-06 19:52:17,R_5ZvYkXa87y1QTw5,,,,,41.6503,-83.5065,anonymous,EN,1,7,5,3,5,5,5,6,1,8,7,1,6,8,2,8,1,3,1,4,4,4,4,3,2,1,1,1,1,[userId],avatar
2025-10-06 19:49:07,2025-10-06 19:53:39,0,72.219.4.224,100,271,1,2025-10-06 19:53:39,R_6GkvE5QMTPrOHUx,,,,,30.2735,-91.8993,anonymous,EN,1,5,4,2,6,6,6,7,7,5,8,2,7,5,7,7,7,7,7,4,4,4,4,3,3,3,3,3,3,65462d3be36b05a1f97d2dc8,avatar
2025-10-06 19:46:52,2025-10-06 19:59:37,0,73.155.193.132,100,765,1,2025-10-06 19:59:37,R_1XWhNCkXTVaa0FP,,,,,30.1024,-95.2297,anonymous,EN,1,1,1,1,7,7,7,7,8,2,6,1,7,4,8,8,7,5,8,5,5,5,5,6,6,6,5,5,6,641370f5a8d3826956778170,avatar
2025-10-06 19:56:39,2025-10-06 20:00:35,0,172.56.197.146,100,236,1,2025-10-06 20:00:36,R_1e9urCI0a0CGj80,,,,,42.415,-71.0527,anonymous,EN,1,1,1,1,7,4,7,8,8,3,8,2,8,1,8,8,8,1,8,3,3,2,2,2,2,2,1,3,1,670c06bb7926d2525a7a7755,avatar
2025-10-06 19:53:37,2025-10-06 20:01:09,0,72.179.42.79,100,452,1,2025-10-06 20:01:10,R_3N7tF4vl2gh9j69,,,,,29.8737,-97.9361,anonymous,EN,1,1,1,1,4,4,6,7,8,5,8,4,8,5,8,3,6,2,8,1,3,5,5,1,1,1,1,1,1,[userId],voice
2025-10-06 20:01:30,2025-10-06 20:04:35,0,76.33.31.117,100,184,1,2025-10-06 20:04:35,R_1EJCeojj8RbGxfH,,,,,32.7015,-114.643,anonymous,EN,1,6,7,6,4,3,5,8,6,6,8,6,7,6,6,7,4,7,6,4,5,5,6,4,2,4,3,6,5,67042cdf06ed4052bdf44c07,avatar
2025-10-06 20:18:24,2025-10-06 20:20:35,0,73.155.193.132,100,130,1,2025-10-06 20:20:35,R_1Mg4eKyt1yFschj,,,,,30.1024,-95.2297,anonymous,EN,1,1,1,1,7,7,7,8,8,1,8,8,8,6,7,8,7,1,7,6,5,5,5,6,5,5,5,6,6,641370f5a8d3826956778170,avatar
2025-10-06 20:18:07,2025-10-06 20:20:47,0,173.79.6.146,100,159,1,2025-10-06 20:20:47,R_3hu273LgAVHOa27,,,,,38.8463,-77.4667,anonymous,EN,1,2,2,5,6,3,3,5,5,2,6,2,2,5,5,3,2,3,3,2,3,2,3,4,4,3,3,3,3,5da8edc60f9c9c0017526948,avatar
2025-10-06 19:40:56,2025-10-06 20:21:55,0,96.225.77.42,100,2458,1,2025-10-06 20:21:55,R_1e3RVgGEhthYr9D,,,,,40.6679,-74.1178,anonymous,EN,1,6,7,2,6,3,1,5,1,5,5,2,3,5,2,1,2,5,3,3,3,1,4,2,3,2,1,1,2,58adfc6e7cf56d0001f931a2,voice
2025-10-06 20:21:15,2025-10-06 20:23:55,0,173.93.166.150,100,160,1,2025-10-06 20:23:56,R_1shfpDyecDb21Al,,,,,33.9739,-81.2345,anonymous,EN,1,6,6,5,5,3,3,5,4,6,5,4,7,6,4,6,6,7,7,4,5,4,5,3,3,3,4,4,4,640415971520c41606ca4389,voice
2025-10-06 20:30:20,2025-10-06 20:32:30,0,76.143.90.34,100,130,1,2025-10-06 20:32:31,R_7q3rvzUUWxANi3C,,,,,29.7376,-95.521,anonymous,EN,1,1,1,1,7,7,7,8,8,1,8,4,8,1,8,8,5,1,8,5,5,5,5,4,3,5,6,6,6,65e537f5dbc347495ce3c059,avatar
2025-10-06 20:31:53,2025-10-06 20:35:22,0,74.76.129.118,100,209,1,2025-10-06 20:35:23,R_7LbCdVFCAwGMRJQ,,,,,43.0831,-73.7846,anonymous,EN,1,5,5,3,3,2,2,6,3,5,7,3,5,6,7,1,2,6,2,2,3,1,1,3,2,3,2,2,3,664e835c732628231a08fff5,avatar
2025-10-06 20:31:06,2025-10-06 20:35:42,0,68.205.2.80,100,275,1,2025-10-06 20:35:42,R_71aBF7vG0M3yBrP,,,,,28.0647,-80.6206,anonymous,EN,1,4,5,1,3,5,7,7,8,2,6,1,6,4,6,6,4,5,5,2,5,5,5,3,3,2,4,5,4,67001c01bcb0cabf8a7f01e7,avatar
2025-10-06 20:39:34,2025-10-06 20:45:10,0,131.241.68.203,100,336,1,2025-10-06 20:45:11,R_1aIG1AbeFvYA7uh,,,,,39.6873,-83.9384,anonymous,EN,1,1,1,1,5,5,5,7,6,6,6,5,5,6,6,6,5,6,6,4,3,3,4,4,4,4,4,5,5,5a6e8532e6cc4a0001b6d728,avatar
2025-10-06 20:58:36,2025-10-06 21:01:36,0,67.161.97.177,100,180,1,2025-10-06 21:01:37,R_6dGJvSS1fVxvwir,,,,,47.4936,-122.2415,anonymous,EN,1,3,2,2,6,6,6,6,8,2,6,2,7,3,7,7,5,8,7,2,3,4,4,3,3,3,3,3,3,66ca18ce20c4af7baa912758,avatar
2025-10-07 12:23:03,2025-10-07 12:25:01,0,70.127.56.95,100,117,1,2025-10-07 12:25:01,R_5KvGpqJQvQVex2N,,,,,27.9822,-81.6706,anonymous,EN,1,6,5,2,2,5,5,6,7,5,5,2,7,6,5,4,5,6,8,2,5,6,5,2,3,1,1,3,2,6633a48b83e72a859fde7144,avatar
2025-10-07 12:24:54,2025-10-07 12:27:13,0,76.124.15.70,100,139,1,2025-10-07 12:27:14,R_5zeEbUP6wwzFoAe,,,,,40.0356,-75.1763,anonymous,EN,1,1,1,1,7,4,7,7,8,4,5,1,7,5,7,8,5,5,7,4,5,4,4,4,4,4,4,4,4,616dac30fd433eb926c5ceaa,text
2025-10-07 12:26:42,2025-10-07 12:30:47,0,68.160.137.87,100,245,1,2025-10-07 12:30:48,R_3F8wye1jAgMx88H,,,,,42.2705,-71.8447,anonymous,EN,1,5,2,3,2,3,4,7,6,7,6,8,6,5,6,3,5,5,7,3,5,5,6,4,5,4,1,5,3,6646abc0720d1baaa7e0af4c,voice
2025-10-07 12:27:04,2025-10-07 12:31:35,0,71.112.156.188,100,270,1,2025-10-07 12:31:35,R_5jvcZwL7E1S1LgZ,,,,,40.4049,-79.8188,anonymous,EN,1,4,4,2,3,5,5,7,7,4,7,2,8,7,6,7,5,5,7,4,5,5,6,4,4,5,5,5,5,662948ed99960b11f2f8e3fe,voice
2025-10-07 12:29:01,2025-10-07 12:32:15,0,72.129.139.70,100,194,1,2025-10-07 12:32:16,R_1CeyOg5P9zcga10,,,,,44.5034,-87.9813,anonymous,EN,1,1,1,1,6,6,6,7,7,3,7,2,8,4,7,8,6,5,6,4,4,5,5,4,5,6,6,6,6,6630ff1a437b51ceddadb038,avatar
2025-10-07 12:40:44,2025-10-07 12:44:46,0,68.251.190.68,100,241,1,2025-10-07 12:44:46,R_6eOUJ1By51c4ei5,,,,,42.8899,-85.6148,anonymous,EN,1,5,3,4,4,4,4,5,6,4,6,3,6,6,5,7,7,8,7,4,5,5,5,4,3,3,4,4,4,6742864af334030ad769a482,voice
2025-10-07 13:32:33,2025-10-07 13:34:26,0,184.23.62.143,100,112,1,2025-10-07 13:34:26,R_1CpaVewyicyJw4g,,,,,37.3512,-121.8846,anonymous,EN,1,5,2,2,4,5,5,7,5,5,5,3,5,5,5,6,5,6,4,4,4,4,4,3,2,3,3,4,4,65983c420d89145cbdb05468,voice
2025-10-07 16:58:13,2025-10-07 16:58:31,0,18.29.62.20,100,17,1,2025-10-07 16:58:31,R_6mIT3fs1bPCmr3e,,,,,42.3649,-71.0987,anonymous,EN,2,,,,,,,,,,,,,,,,,,,,,,,,,,,,,,
2025-10-08 09:15:47,2025-10-08 09:16:13,0,18.29.6.89,100,26,1,2025-10-08 09:16:14,R_3AKdKBHUl5Q0K76,,,,,42.3649,-71.0987,anonymous,EN,1,4,4,4,4,4,4,5,5,5,5,5,5,5,5,5,5,5,5,4,4,4,4,4,4,4,4,4,4,[userId],voice
2025-10-08 09:50:49,2025-10-08 09:51:16,0,18.29.6.89,100,26,1,2025-10-08 09:51:16,R_5EoEJLI0YAZVXn8,,,,,42.3649,-71.0987,anonymous,EN,1,4,4,4,4,4,4,5,5,5,5,5,5,5,5,5,5,5,5,3,3,3,3,3,3,3,3,3,3,[userId],voice
2025-10-08 10:33:23,2025-10-08 10:36:27,0,69.249.167.92,100,184,1,2025-10-08 10:36:27,R_67pPQwZDRsl0HDm,,,,,40.245,-75.1331,anonymous,EN,1,5,3,5,3,3,3,7,4,5,7,4,5,4,6,6,5,5,4,3,4,3,4,2,2,3,3,3,3,66fdd6ecd96e23c98cf47a4a,voice
2025-10-08 10:34:46,2025-10-08 10:36:29,0,131.239.117.54,100,103,1,2025-10-08 10:36:29,R_1njAmEcfxRBpxJt,,,,,42.3464,-71.0975,anonymous,EN,1,5,3,5,5,3,3,8,7,6,7,3,5,5,8,7,8,6,6,4,4,4,4,4,4,2,4,4,4,[userId],voice
2025-10-08 10:48:43,2025-10-08 10:51:18,0,24.93.194.170,100,155,1,2025-10-08 10:51:19,R_7rUFefAz9gX0kQV,,,,,41.0708,-81.5511,anonymous,EN,1,5,1,1,6,2,5,8,8,3,8,1,8,3,8,8,5,1,6,3,3,5,5,2,2,4,4,5,5,67388861a4434c34f877785d,voice
2025-10-08 11:05:11,2025-10-08 11:07:46,0,75.134.229.200,100,155,1,2025-10-08 11:07:46,R_5oKIIpjZitIXszD,,,,,41.7829,-72.3319,anonymous,EN,1,5,3,3,4,5,5,6,6,3,5,2,6,5,6,5,6,6,5,4,5,4,5,3,3,5,5,5,5,660d6b2e957fa582ec87816f,voice
2025-10-08 11:07:07,2025-10-08 11:09:39,0,50.91.227.104,100,152,1,2025-10-08 11:09:40,R_6iYH2TVa8441nmF,,,,,35.5954,-119.342,anonymous,EN,1,6,2,4,4,6,6,6,6,6,6,5,6,6,5,4,2,7,5,1,1,1,1,3,3,2,1,2,2,673c90022c553e1b8f60a3af,voice
2025-10-08 11:08:05,2025-10-08 11:13:38,0,172.1.171.168,100,333,1,2025-10-08 11:13:39,R_6oC25xkQ8afPsOM,,,,,33.6163,-84.2945,anonymous,EN,1,1,1,4,5,1,1,8,4,5,6,2,5,5,7,5,3,5,3,4,4,4,4,3,3,4,4,4,4,667dc21819f1e0f06520b7e0,voice
2025-10-08 11:10:37,2025-10-08 11:13:54,0,8.9.84.7,100,197,1,2025-10-08 11:13:55,R_6uZIe38f8eZ93M1,,,,,43.114,-77.5689,anonymous,EN,1,2,2,2,6,5,6,6,6,2,5,2,7,7,6,5,4,3,4,2,2,3,4,2,2,2,4,4,4,62b20c0065e9809e66d13fa5,voice
2025-10-08 11:13:48,2025-10-08 11:15:27,0,172.56.16.187,100,99,1,2025-10-08 11:15:28,R_3JN25meE9OBEGMV,,,,,41.85,-87.7165,anonymous,EN,1,4,5,3,6,5,4,5,4,5,5,4,5,5,4,3,5,5,4,4,3,4,5,4,3,4,4,3,3,67299a3cb9242638dd2556db,voice
2025-10-08 10:27:54,2025-10-08 11:28:49,0,35.148.142.45,100,3655,1,2025-10-08 11:28:49,R_6siQipPs89I8TPl,,,,,36.6773,-76.9343,anonymous,EN,1,1,1,1,7,7,7,8,8,1,7,5,8,7,7,8,8,8,8,6,6,6,6,4,5,2,6,6,6,62e6c5d05d354e1f99d612e4,voice
2025-10-08 11:23:03,2025-10-08 11:30:01,0,172.56.64.114,100,418,1,2025-10-08 11:30:01,R_5Iuz1RXC9qYLviV,,,,,33.7173,-84.4783,anonymous,EN,1,5,4,1,2,1,5,7,5,2,7,1,5,1,7,8,5,6,7,2,4,3,4,2,1,1,3,3,3,63039dbefda87c47a91fec04,voice
2025-10-08 11:34:23,2025-10-08 11:36:03,0,68.110.12.203,100,99,1,2025-10-08 11:36:03,R_1QGTWfj48pXhja4,,,,,33.7069,-112.4332,anonymous,EN,1,2,2,2,6,6,6,7,7,3,8,2,7,3,7,8,6,2,7,3,4,4,4,3,3,4,4,4,4,61363ce02e6022a741d63a6e,voice
2025-10-08 11:36:11,2025-10-08 11:37:06,0,70.174.230.67,100,55,1,2025-10-08 11:37:07,R_5PnFAI3TkRnKRfI,,,,,35.483,-97.5363,anonymous,EN,1,1,1,1,7,4,7,7,8,1,8,1,8,1,8,8,8,1,8,5,5,5,5,4,4,4,4,4,4,62029a55ef1cb18a1337c61a,voice
2025-10-08 11:40:07,2025-10-08 11:42:01,0,108.1.103.185,100,114,1,2025-10-08 11:42:01,R_1hEfOIkhyyKYdaq,,,,,40.7251,-73.2454,anonymous,EN,1,5,5,6,4,2,2,3,4,8,5,4,5,4,5,2,6,6,5,2,3,5,5,1,3,2,3,4,3,67c9e8e5ec86b1f821a8d5c7,voice
2025-10-08 11:48:10,2025-10-08 11:51:01,0,66.219.193.227,100,170,1,2025-10-08 11:51:02,R_6PQP8C95D3HVNry,,,,,40.6981,-111.9999,anonymous,EN,1,2,2,2,6,5,6,4,3,5,5,6,6,7,3,2,2,7,3,3,4,4,4,2,1,2,3,3,3,66f1b4e2d875c6785ca1d50a,voice
2025-10-08 12:04:06,2025-10-08 12:06:57,0,71.209.199.86,100,171,1,2025-10-08 12:06:58,R_1u4zlRnlCoT7xjX,,,,,33.5141,-112.1235,anonymous,EN,1,5,3,1,5,1,5,5,8,4,5,8,5,5,5,8,4,8,8,3,6,6,6,3,3,4,3,6,6,61489a7c8f9dfcc9f78b7c36,voice
2025-10-08 12:04:35,2025-10-08 12:07:12,0,69.168.2.162,100,156,1,2025-10-08 12:07:13,R_1cuppjhE4cs7jAj,,,,,43.6444,-72.2455,anonymous,EN,1,5,5,2,4,2,6,2,2,7,3,2,3,7,2,4,2,8,6,3,3,5,2,2,2,2,2,3,3,65c243c37e0d77ca70ee030e,voice
2025-10-08 12:18:13,2025-10-08 12:21:19,0,16.98.20.27,100,185,1,2025-10-08 12:21:19,R_61TN97LH6iArdpg,,,,,28.9284,-82.4921,anonymous,EN,1,2,5,5,5,2,4,3,3,6,5,8,4,8,5,6,3,5,5,4,4,4,4,3,3,3,3,3,3,5dc474fd45b8f933f16d6241,voice
2025-10-08 12:48:32,2025-10-08 12:50:25,0,99.35.184.43,100,113,1,2025-10-08 12:50:26,R_1Y3Nw0DmpPU0z9C,,,,,32.4648,-99.7589,anonymous,EN,1,1,1,1,6,5,6,6,7,1,6,2,7,2,6,5,7,4,6,3,4,4,5,3,4,3,5,4,4,63d7fb6ee49281f6c41d6630,voice
2025-10-08 13:04:10,2025-10-08 13:07:02,0,64.223.194.202,100,171,1,2025-10-08 13:07:03,R_1PdUQkEiA1ZWJAt,,,,,43.6327,-70.2735,anonymous,EN,1,5,3,2,6,5,7,5,6,5,6,3,7,5,6,7,2,6,5,4,3,5,5,4,4,4,4,4,4,66e9b926c782e4f47a05ec7c,voice
2025-10-08 13:03:08,2025-10-08 13:07:29,0,73.174.163.197,100,260,1,2025-10-08 13:07:29,R_1oXFc0W1zPWoip9,,,,,40.4697,-78.8351,anonymous,EN,1,6,6,4,3,3,4,3,5,7,4,4,3,7,3,4,3,7,5,1,2,2,5,2,2,2,3,3,3,6711e09a6906af2fa5b782bd,voice
2025-10-08 13:09:40,2025-10-08 13:11:33,0,100.37.255.140,100,112,1,2025-10-08 13:11:33,R_5wBLAxfmYfrcag2,,,,,40.7234,-73.7021,anonymous,EN,1,1,1,1,5,4,5,7,7,5,7,2,2,3,7,8,6,5,6,4,4,4,4,3,2,4,5,5,5,5a79f3f3000dab00018c31d0,voice
2025-10-08 13:43:22,2025-10-08 13:45:43,0,99.57.139.117,100,141,1,2025-10-08 13:45:44,R_6hrLBYPC312u5so,,,,,37.2808,-121.9572,anonymous,EN,1,1,1,2,6,6,6,4,5,7,4,8,7,4,3,7,7,8,8,4,4,4,6,3,2,1,3,4,5,6673023f164ea88cbe14e203,voice
2025-10-08 14:02:53,2025-10-08 14:06:43,0,173.169.140.113,100,230,1,2025-10-08 14:06:43,R_3CWbqhH2Mv3gRVw,,,,,28.1951,-81.6062,anonymous,EN,1,1,1,1,6,6,7,5,8,1,5,2,7,7,8,6,7,1,7,2,3,3,2,4,3,4,5,4,4,60cb3c4b9454f7a196355088,voice
2025-10-08 14:08:37,2025-10-08 14:10:03,0,172.59.69.232,100,86,1,2025-10-08 14:10:04,R_7pQxvpFBK3ijSmZ,,,,,30.3478,-81.6493,anonymous,EN,1,4,5,4,6,4,5,7,6,5,6,3,6,5,7,6,4,6,6,1,2,2,2,3,3,3,4,4,4,678f46cd0f21903076471f34,voice
2025-10-08 13:58:18,2025-10-08 14:16:36,0,99.72.62.51,100,1097,1,2025-10-08 14:16:36,R_7Rz0rpzeIcAkleK,,,,,26.1783,-80.2734,anonymous,EN,1,2,1,2,5,6,6,6,5,2,3,6,2,6,6,2,1,8,2,1,2,1,1,3,3,2,3,2,4,64135e3d9cd5e3f16290d29c,voice
2025-10-08 14:15:30,2025-10-08 14:17:16,0,174.127.158.223,100,105,1,2025-10-08 14:17:17,R_1DNVqnymius6RL4,,,,,45.5288,-122.6821,anonymous,EN,1,5,2,3,5,4,4,7,5,5,5,3,6,6,5,6,5,6,6,4,4,5,5,4,3,3,3,4,4,6536a9f9ac4d61b9d34f5b3b,voice
2025-10-08 14:14:51,2025-10-08 14:17:53,0,96.241.54.101,100,181,1,2025-10-08 14:17:53,R_6FcWn0nuSUzQWeR,,,,,38.8851,-77.1803,anonymous,EN,1,3,2,3,4,4,4,7,8,6,7,8,7,8,6,4,2,4,6,1,1,1,1,3,3,3,3,2,3,5e646abe244a7f1feb0f6321,voice
2025-10-08 14:15:24,2025-10-08 14:19:51,0,24.14.138.187,100,267,1,2025-10-08 14:19:52,R_61bDNeXcRMUVkhb,,,,,41.9898,-87.7623,anonymous,EN,1,6,6,7,1,1,1,6,6,8,8,8,5,8,2,5,2,8,5,5,5,5,5,2,1,1,3,5,4,[userId],voice
2025-10-08 14:15:40,2025-10-08 14:22:54,0,172.225.246.25,100,433,1,2025-10-08 14:22:54,R_7Kxvft5HTr0AJAR,,,,,33.7485,-84.3871,anonymous,EN,1,1,5,4,6,6,2,7,8,8,7,1,6,5,7,8,8,8,7,4,5,1,6,5,6,6,4,5,6,663631e9a98cfc7ea17bbde6,voice
2025-10-08 14:22:30,2025-10-08 14:23:47,0,76.171.173.154,100,77,1,2025-10-08 14:23:48,R_7j9yJA94uYGkoVP,,,,,33.1062,-117.2947,anonymous,EN,1,1,1,1,6,6,6,8,7,2,7,2,7,2,7,7,7,2,8,4,4,5,5,5,4,5,5,5,5,63ffcb367b500c516d0648a2,voice
2025-10-08 14:15:51,2025-10-08 14:25:12,0,146.115.250.94,100,561,1,2025-10-08 14:25:13,R_1wuaxaUDcONbg0o,,,,,39.9361,-75.2625,anonymous,EN,1,7,7,1,4,7,7,1,5,8,5,1,1,7,6,3,1,8,8,6,6,6,6,1,1,1,1,1,1,[userId],voice
2025-10-08 14:16:02,2025-10-08 14:25:47,0,107.122.105.66,100,584,1,2025-10-08 14:25:47,R_6pswuyA51dx5L6g,,,,,28.3939,-81.4216,anonymous,EN,1,5,4,3,4,5,6,5,7,5,4,4,4,3,3,4,6,3,3,4,3,2,4,3,4,5,4,3,3,66ef8c16db6307178a651f0a,voice
2025-10-08 14:15:28,2025-10-08 14:26:15,0,73.171.189.50,100,646,1,2025-10-08 14:26:15,R_3qBukqfaJRiVI3V,,,,,30.011,-81.4108,anonymous,EN,1,2,2,2,6,6,6,7,7,2,7,2,7,7,7,7,7,2,7,5,5,5,5,2,2,2,4,4,4,588ab33542c8e900019d02ae,voice
2025-10-08 14:15:36,2025-10-08 14:30:55,0,184.179.135.184,100,919,1,2025-10-08 14:30:56,R_67EBJoos7zG3X1t,,,,,33.4602,-112.1334,anonymous,EN,1,2,2,2,5,5,5,5,6,6,6,5,6,5,5,6,6,5,5,4,4,5,4,4,5,4,4,4,4,5dce3ccc32ccbf0cd54263db,voice
2025-10-08 14:33:40,2025-10-08 14:36:58,0,24.188.12.80,100,197,1,2025-10-08 14:36:58,R_5EG64mEL10AMNRu,,,,,40.6372,-73.9037,anonymous,EN,1,3,4,2,5,6,6,7,8,3,6,3,7,2,7,7,6,5,7,3,3,5,3,4,5,4,5,3,4,5c88665f24efd80016b948b5,voice
2025-10-08 14:43:57,2025-10-08 14:45:56,0,209.196.189.154,100,118,1,2025-10-08 14:45:56,R_55z6eMRLnEWI0XQ,,,,,26.7094,-80.0465,anonymous,EN,1,4,2,3,5,3,5,7,4,5,5,6,4,5,3,2,2,8,6,1,2,4,3,3,2,3,4,4,4,67588a443ddaa03e391bcbe8,voice
2025-10-02 06:46:03,2025-10-02 07:04:57,0,18.27.112.248,17,1133,0,2025-10-09 07:05:01,R_1fIjfvBea0vGxtq,,,,,42.3649,-71.0987,anonymous,EN,1,,,,,,,,,,,,,,,,,,,,,,,,,,,,,,
2025-10-09 10:55:46,2025-10-09 11:06:22,0,18.29.42.245,100,635,1,2025-10-09 11:06:22,R_6QM7CTUnz7mKrZF,,,,,42.3649,-71.0987,anonymous,EN,1,4,4,4,4,4,4,5,5,5,5,5,5,5,5,5,5,5,5,4,4,4,4,4,4,4,4,4,4,[userId],voice
2025-10-10 17:18:02,2025-10-10 17:19:22,0,18.29.68.86,100,80,1,2025-10-10 17:19:23,R_71pyiQIqd9brGez,,,,,42.3649,-71.0987,anonymous,EN,1,4,4,4,4,4,4,5,5,5,5,5,5,5,5,5,5,5,5,4,4,4,4,4,4,4,4,4,4,test,text
2025-10-04 16:30:34,2025-10-05 08:19:03,0,65.112.8.25,17,56908,0,2025-10-12 08:19:07,R_1zwKGUzUFXWlgoK,,,,,42.3649,-71.0987,anonymous,EN,1,,,,,,,,,,,,,,,,,,,,,,,,,,,,,,
2025-10-06 08:52:27,2025-10-06 08:52:48,0,18.29.125.138,17,20,0,2025-10-13 08:52:49,R_6gSzJvQbIA6m7ED,,,,,42.3649,-71.0987,anonymous,EN,1,,,,,,,,,,,,,,,,,,,,,,,,,,,,,[userId],voice
2025-10-06 09:44:29,2025-10-06 09:44:33,0,18.27.115.203,17,3,0,2025-10-13 09:44:34,R_3jwb4REcotFw5fT,,,,,42.3649,-71.0987,anonymous,EN,1,,,,,,,,,,,,,,,,,,,,,,,,,,,,,[userId],voice
2025-10-06 15:21:45,2025-10-06 15:21:56,0,18.27.115.203,17,10,0,2025-10-13 15:21:58,R_1ot2z1qx6eEA387,,,,,42.3649,-71.0987,anonymous,EN,1,,,,,,,,,,,,,,,,,,,,,,,,,,,,,test,text
2025-10-06 15:37:25,2025-10-06 15:37:34,0,18.29.125.138,17,8,0,2025-10-13 15:37:39,R_6Bd3odZyBsROE5X,,,,,42.3649,-71.0987,anonymous,EN,2,,,,,,,,,,,,,,,,,,,,,,,,,,,,,[userId],text
2025-10-06 15:37:37,2025-10-06 15:37:51,0,18.29.125.138,17,14,0,2025-10-13 15:37:53,R_1qCY7eof1kRp0LT,,,,,42.3649,-71.0987,anonymous,EN,2,,,,,,,,,,,,,,,,,,,,,,,,,,,,,[userId],text
2025-10-06 15:38:04,2025-10-06 15:38:26,0,18.29.125.138,33,21,0,2025-10-13 15:38:30,R_6fITLAdAyGU1M0p,,,,,42.3649,-71.0987,anonymous,EN,1,,,,,,,,,,,,,,,,,,,,,,,,,,,,,[userId],voice
2025-10-06 16:35:10,2025-10-06 16:35:44,0,68.239.55.11,33,33,0,2025-10-13 16:35:45,R_3Ph3MI2446FASbe,,,,,42.2904,-71.0712,anonymous,EN,1,,,,,,,,,,,,,,,,,,,,,,,,,,,,,660f580f6c69db7498eae250,avatar
2025-10-06 16:43:09,2025-10-06 16:43:37,0,108.21.235.25,33,27,0,2025-10-13 16:43:39,R_55vmSHEmp9TFI8u,,,,,40.7415,-73.7511,anonymous,EN,1,,,,,,,,,,,,,,,,,,,,,,,,,,,,,63e51bd9b573cd46809e1d56,text
2025-10-06 16:50:25,2025-10-06 16:51:24,0,23.117.218.17,17,59,0,2025-10-13 16:51:26,R_3W5R0pk3NE2FaEx,,,,,38.2132,-84.5455,anonymous,EN,1,,,,,,,,,,,,,,,,,,,,,,,,,,,,,676f6e127fe25105c06e8775,text
2025-10-06 17:11:24,2025-10-06 17:14:13,0,107.10.39.142,17,168,0,2025-10-13 17:14:15,R_74IZqMOrxxkR2Ee,,,,,41.4344,-81.6373,anonymous,EN,1,,,,,,,,,,,,,,,,,,,,,,,,,,,,,67a8bfb2f846cd3ea9bcd898,avatar
2025-10-06 16:46:42,2025-10-06 17:20:36,0,47.208.156.162,17,2033,0,2025-10-13 17:20:37,R_6UUFSpP6Smu3Sdb,,,,,40.9465,-124.0834,anonymous,EN,1,,,,,,,,,,,,,,,,,,,,,,,,,,,,,6643f08978c19c6cf8de82d4,voice
2025-10-06 17:20:06,2025-10-06 17:21:27,0,64.98.58.73,50,81,0,2025-10-13 17:21:30,R_5ZZDBCUG8wNalRb,,,,,39.6511,-104.9921,anonymous,EN,1,2,2,2,5,5,5,,,,,,,,,,,,,,,,,,,,,,,6015ba06aa02256df4792d15,avatar
2025-10-06 17:37:41,2025-10-06 17:38:28,0,104.173.154.49,50,47,0,2025-10-13 17:38:29,R_1xY70VPXV0torHm,,,,,34.0607,-117.6644,anonymous,EN,1,4,3,3,6,3,5,,,,,,,,,,,,,,,,,,,,,,,671c5ad0eb30c87c11b22ec4,text
2025-10-06 17:45:10,2025-10-06 17:46:22,0,24.45.3.35,17,72,0,2025-10-13 17:46:26,R_6P7p4wpUBgvxTZz,,,,,40.8731,-74.7426,anonymous,EN,1,,,,,,,,,,,,,,,,,,,,,,,,,,,,,[userId],avatar
2025-10-06 17:49:44,2025-10-06 17:50:09,0,45.24.17.89,50,24,0,2025-10-13 17:50:13,R_7oFmOHX4ZdOhxYB,,,,,32.3904,-93.7117,anonymous,EN,1,1,1,1,6,6,6,,,,,,,,,,,,,,,,,,,,,,,66199822c723a66ae0d5fc24,voice
2025-10-06 17:57:48,2025-10-06 17:58:07,0,70.40.79.140,50,19,0,2025-10-13 17:58:08,R_6aAZA4a48ICJbwJ,,,,,34.2563,-78.0447,anonymous,EN,1,6,6,6,2,2,2,,,,,,,,,,,,,,,,,,,,,,,5c7cf8b58ca9000001b52f6e,voice
2025-10-06 18:11:04,2025-10-06 18:11:30,0,96.19.76.16,17,25,0,2025-10-13 18:11:32,R_3QB1JUaulBmLrZi,,,,,43.6502,-116.4343,anonymous,EN,1,,,,,,,,,,,,,,,,,,,,,,,,,,,,,[userId],avatar
2025-10-06 18:13:36,2025-10-06 18:13:52,0,24.19.139.201,17,16,0,2025-10-13 18:13:55,R_7vOAHRJfJ6eDfDX,,,,,47.1445,-122.2548,anonymous,EN,1,,,,,,,,,,,,,,,,,,,,,,,,,,,,,67439be8ee2236a7c078d523,avatar
2025-10-06 18:26:44,2025-10-06 18:26:53,0,173.217.93.145,17,8,0,2025-10-13 18:26:53,R_12VWaKf2BkC0TmG,,,,,30.1235,-93.1878,anonymous,EN,1,,,,,,,,,,,,,,,,,,,,,,,,,,,,,610e0a1e95c323743ff02dcb,voice
2025-10-06 18:32:24,2025-10-06 18:32:40,0,96.32.235.31,33,15,0,2025-10-13 18:32:42,R_7pnkqjQjyqJIctk,,,,,36.5037,-87.2729,anonymous,EN,1,,,,,,,,,,,,,,,,,,,,,,,,,,,,,6646611de1c681c9cbb78feb,avatar
2025-10-06 18:42:49,2025-10-06 18:47:19,0,73.205.189.4,17,269,0,2025-10-13 18:47:23,R_7FXMxU1g9NXYRgo,,,,,25.6666,-80.4036,anonymous,EN,1,,,,,,,,,,,,,,,,,,,,,,,,,,,,,66709a4a49e9bb2c80c53c27,voice
2025-10-06 19:09:11,2025-10-06 19:09:25,0,136.56.104.173,33,13,0,2025-10-13 19:09:32,R_7ErOJ9DopNYlKJn,,,,,35.9153,-79.0386,anonymous,EN,1,,,,,,,,,,,,,,,,,,,,,,,,,,,,,6730214557beb89aa16e74c2,voice
2025-10-06 17:52:20,2025-10-06 19:17:30,0,72.241.228.199,50,5109,0,2025-10-13 19:17:30,R_11EPsqQCBV29jQ9,,,,,41.6503,-83.5065,anonymous,EN,1,6,5,6,6,2,4,,,,,,,,,,,,,,,,,,,,,,,66d9869a4e9051cdf5d16fa3,avatar
2025-10-06 17:57:09,2025-10-06 19:21:11,0,73.47.212.188,17,5042,0,2025-10-13 19:21:12,R_1ARjeIXrf4Hla6J,,,,,41.562,-73.6026,anonymous,EN,1,,,,,,,,,,,,,,,,,,,,,,,,,,,,,5f58d7941af44708223b94da,avatar
2025-10-06 20:21:50,2025-10-06 20:22:01,0,73.86.40.231,33,11,0,2025-10-13 20:22:09,R_3DkIFd5UWgJvlkn,,,,,38.9635,-76.9672,anonymous,EN,1,,,,,,,,,,,,,,,,,,,,,,,,,,,,,663a8b9eb077de60d6884574,voice
2025-10-06 20:30:48,2025-10-06 20:32:05,0,74.76.129.118,17,77,0,2025-10-13 20:32:06,R_6bUIK78XxJ8H7AQ,,,,,43.0831,-73.7846,anonymous,EN,1,,,,,,,,,,,,,,,,,,,,,,,,,,,,,664e835c732628231a08fff5,avatar
2025-10-06 20:30:54,2025-10-06 20:32:14,0,146.75.222.0,50,80,0,2025-10-13 20:32:16,R_7HtwvmvZPCx6MwK,,,,,39.0469,-77.4903,anonymous,EN,1,3,3,3,5,3,5,,,,,,,,,,,,,,,,,,,,,,,6609f149a4687bab9065dd59,avatar
2025-10-07 12:25:33,2025-10-07 12:25:59,0,172.226.144.90,17,26,0,2025-10-14 12:28:53,R_1zCLpvzpSLxwYxX,,,,,42.3574,-71.0618,anonymous,EN,1,,,,,,,,,,,,,,,,,,,,,,,,,,,,,6646abc0720d1baaa7e0af4c,voice
2025-10-07 16:58:36,2025-10-07 19:21:27,0,18.29.62.20,50,8571,0,2025-10-14 19:21:27,R_1s49esBzWXWqpCv,,,,,42.3649,-71.0987,anonymous,EN,1,6,6,6,6,6,6,,,,,,,,,,,,,,,,,,,,,,,,
2025-10-07 09:30:39,2025-10-08 07:53:11,0,18.29.6.89,67,80551,0,2025-10-15 07:53:13,R_6CL8QoypGDyrDr3,,,,,42.3649,-71.0987,anonymous,EN,1,1,1,1,1,1,1,1,1,1,2,2,1,2,1,1,1,1,2,,,,,,,,,,,test,voice
2025-10-08 09:45:36,2025-10-08 10:28:03,0,18.29.6.89,33,2547,0,2025-10-15 10:35:15,R_5syprZkwBpNtvDi,,,,,42.3649,-71.0987,anonymous,EN,1,,,,,,,,,,,,,,,,,,,,,,,,,,,,,[userId],voice
2025-10-08 10:36:11,2025-10-08 10:37:55,0,143.59.172.141,67,104,0,2025-10-15 10:39:39,R_1NIJ2mXHm78SeMB,,,,,31.356,-85.3342,anonymous,EN,1,2,2,5,3,3,5,6,7,5,5,3,5,6,6,7,5,6,6,,,,,,,,,,,65390c1abdfe1fd0b200ac11,voice
2025-10-08 12:03:08,2025-10-08 12:03:57,0,71.209.199.86,17,49,0,2025-10-15 12:03:59,R_7TnSy30PvbVWmlG,,,,,33.5141,-112.1235,anonymous,EN,1,,,,,,,,,,,,,,,,,,,,,,,,,,,,,61489a7c8f9dfcc9f78b7c36,voice
2025-10-09 11:07:41,2025-10-09 11:07:51,0,18.29.42.245,50,9,0,2025-10-16 11:07:53,R_37SEUvTjSQehQc1,,,,,42.3649,-71.0987,anonymous,EN,1,4,4,4,4,4,4,,,,,,,,,,,,,,,,,,,,,,,[userId],voice
