Submission id,Participant id,Status,Custom study tncs accepted at,Started at,Completed at,Reviewed at,Archived at,Time taken,Completion code,Total approvals,Age,Sex,Ethnicity simplified,Country of birth,Country of residence,Nationality,Language,Student status,Employment status,condition
68e55a7e55419a2f89cf612f,6633a48b83e72a859fde7144,APPROVED,Not Applicable,2025-10-07T18:22:58.695000Z,2025-10-07T18:47:27.329000Z,2025-10-28T00:03:12.676000Z,2025-10-07T18:47:35.421723Z,1469.0,CUKPH3D8,998,40,Female,Other,United States,United States,United States,English,DATA_EXPIRED,DATA_EXPIRED,avatar
68e55bdf8180fdddd5e518e8,6630ff1a437b51ceddadb038,APPROVED,Not Applicable,2025-10-07T18:28:54.119000Z,2025-10-07T18:53:30.060000Z,2025-10-28T00:03:13.034000Z,2025-10-07T18:53:32.669082Z,1476.0,CUKPH3D8,190,40,Female,White,United States,United States,United States,English,No,Full-Time,avatar
68e4422c538353859ec4eeb9,668b37077c15ef8634f2121c,APPROVED,Not Applicable,2025-10-06T22:27:01.773000Z,2025-10-06T23:26:00.829000Z,2025-10-27T00:03:02.024000Z,2025-10-06T23:26:01.204498Z,3540.0,CUKPH3D8,1392,28,Male,Mixed,United States,United States,United States,English,DATA_EXPIRED,DATA_EXPIRED,avatar
68e442367ebb19ec7073947b,66a02d45a7db35d93c9f6a81,APPROVED,Not Applicable,2025-10-06T22:27:05.807000Z,2025-10-06T22:54:57.719000Z,2025-10-27T00:03:02.951000Z,2025-10-06T22:54:58.141301Z,1672.0,CUKPH3D8,4283,26,Male,White,United States,United States,United States,English,Yes,Full-Time,avatar
68e4441655d002b822d0eaf1,660f580f6c69db7498eae250,RETURNED,Not Applicable,2025-10-06T22:35:06.624000Z,,,2025-10-09T14:47:45.580532Z,,,904,CONSENT_REVOKED,CONSENT_REVOKED,CONSENT_REVOKED,CONSENT_REVOKED,CONSENT_REVOKED,CONSENT_REVOKED,CONSENT_REVOKED,CONSENT_REVOKED,CONSENT_REVOKED,avatar
68e4449a32a2c4f5ca5ec66d,671b277a6d04904df5f9503b,APPROVED,Not Applicable,2025-10-06T22:37:19.283000Z,2025-10-06T22:57:41.171000Z,2025-10-27T00:03:04.226000Z,2025-10-06T22:57:41.615685Z,1222.0,CUKPH3D8,2734,34,Male,White,United States,United States,United States,English,DATA_EXPIRED,DATA_EXPIRED,avatar
68e4455db0ed1663a9ee41e4,606f9bca353fc36aba9ccb8b,RETURNED,Not Applicable,2025-10-06T22:40:29.548000Z,,,2025-10-09T14:47:45.581297Z,,,5750,CONSENT_REVOKED,CONSENT_REVOKED,CONSENT_REVOKED,CONSENT_REVOKED,CONSENT_REVOKED,CONSENT_REVOKED,CONSENT_REVOKED,CONSENT_REVOKED,CONSENT_REVOKED,avatar
68e445f5016c609ea557676a,6340b7955ab968e4426eb476,RETURNED,Not Applicable,2025-10-06T22:43:01.042000Z,,,2025-10-09T14:47:45.587259Z,,,5422,CONSENT_REVOKED,CONSENT_REVOKED,CONSENT_REVOKED,CONSENT_REVOKED,CONSENT_REVOKED,CONSENT_REVOKED,CONSENT_REVOKED,CONSENT_REVOKED,CONSENT_REVOKED,avatar
68e445fbcf40ab1ebda4ff9e,66a9979ad8c56c6f29446781,APPROVED,Not Applicable,2025-10-06T22:43:12.101000Z,2025-10-06T23:04:18.368000Z,2025-10-27T00:03:04.781000Z,2025-10-06T23:04:18.789072Z,1267.0,CUKPH3D8,1850,27,Male,Mixed,United States,United States,United States,English,No,Full-Time,avatar
68e44768ffd47677fe3c3aba,6785704c3b1ab8813a4958b0,APPROVED,Not Applicable,2025-10-06T22:52:39.234000Z,2025-10-06T23:15:11.126000Z,2025-10-27T00:03:05.950000Z,2025-10-06T23:15:11.630379Z,1352.0,CUKPH3D8,3055,30,Female,White,United States,United States,United States,English,No,DATA_EXPIRED,avatar
68e44778e049a5b14155885d,5c7cf8b58ca9000001b52f6e,APPROVED,Not Applicable,2025-10-06T22:54:21.194000Z,2025-10-06T23:29:27.906000Z,2025-10-27T00:03:06.518000Z,2025-10-06T23:29:29.705288Z,2107.0,CUKPH3D8,9285,34,Male,White,United States,United States,United States,English,DATA_EXPIRED,DATA_EXPIRED,avatar
68e4485d22a1930dbc758d1a,67884b1aa6c55d9dd2388778,APPROVED,Not Applicable,2025-10-06T22:53:22.408000Z,2025-10-06T23:27:17.844000Z,2025-10-27T00:03:07.012000Z,2025-10-06T23:27:22.859695Z,2036.0,CUKPH3D8,2641,40,Male,White,United States,United States,United States,English,DATA_EXPIRED,Full-Time,avatar
68e448d521ad4a82ec2e9412,5ac5260dfa3b4e0001736dd3,APPROVED,Not Applicable,2025-10-06T22:56:34.104000Z,2025-10-06T23:28:56.805000Z,2025-10-27T00:03:07.562000Z,2025-10-06T23:28:57.188110Z,1943.0,CUKPH3D8,1638,31,Male,White,United States,United States,Mexico,English,DATA_EXPIRED,DATA_EXPIRED,avatar
68e449dcc63b981741cd851d,58adfc6e7cf56d0001f931a2,APPROVED,Not Applicable,2025-10-06T22:59:40.328000Z,2025-10-06T23:45:24.214000Z,2025-10-27T00:03:08.153000Z,2025-10-06T23:45:24.607079Z,2744.0,CUKPH3D8,8814,28,Male,Black,United States,United States,United States,English,Yes,Unemployed (and job seeking),avatar
68e44b946d28d37dd5257626,57656f6c2bfddf000125cce5,APPROVED,Not Applicable,2025-10-06T23:14:35.979000Z,2025-10-06T23:59:35.821000Z,2025-10-27T00:03:08.667000Z,2025-10-06T23:59:37.404126Z,2700.0,CUKPH3D8,5346,40,Male,White,United States,United States,United States,English,DATA_EXPIRED,DATA_EXPIRED,avatar
68e44bb16eefa022f81794b6,6723fefd7a09fe9da8f9bd10,RETURNED,Not Applicable,,,,2025-10-09T14:47:50.615290Z,,,1806,CONSENT_REVOKED,CONSENT_REVOKED,CONSENT_REVOKED,CONSENT_REVOKED,CONSENT_REVOKED,CONSENT_REVOKED,CONSENT_REVOKED,CONSENT_REVOKED,CONSENT_REVOKED,avatar
68e44bb429d95b7c06de11e7,60c8467d9872c0d83f695499,APPROVED,Not Applicable,2025-10-06T23:07:32.041000Z,2025-10-06T23:49:36.347000Z,2025-10-27T00:03:09.181000Z,2025-10-06T23:49:39.788238Z,2525.0,CUKPH3D8,5558,31,Female,White,United States,United States,United States,English,No,Full-Time,avatar
68e44be2fd82139c90ae3223,66c0f464e0ff62798027b486,RETURNED,Not Applicable,2025-10-06T23:08:18.520000Z,,,2025-10-09T14:47:45.607314Z,,,1953,CONSENT_REVOKED,CONSENT_REVOKED,CONSENT_REVOKED,CONSENT_REVOKED,CONSENT_REVOKED,CONSENT_REVOKED,CONSENT_REVOKED,CONSENT_REVOKED,CONSENT_REVOKED,avatar
68e44c8637d90a5d4e848f0f,67a8bfb2f846cd3ea9bcd898,RETURNED,Not Applicable,2025-10-06T23:11:19.560000Z,,,2025-10-09T14:47:45.590692Z,,,2051,CONSENT_REVOKED,CONSENT_REVOKED,CONSENT_REVOKED,CONSENT_REVOKED,CONSENT_REVOKED,CONSENT_REVOKED,CONSENT_REVOKED,CONSENT_REVOKED,CONSENT_REVOKED,avatar
68e44caac5323d03772c2f34,60ce89c7357eeffe77fca946,APPROVED,Not Applicable,2025-10-06T23:11:42.461000Z,2025-10-06T23:38:46.192000Z,2025-10-27T00:03:09.779000Z,2025-10-06T23:38:46.566383Z,1624.0,CUKPH3D8,3279,34,Female,White,United States,United States,United States,English,Yes,Full-Time,avatar
68e44e996073a33beed4d557,6015ba06aa02256df4792d15,RETURNED,Not Applicable,2025-10-06T23:20:02.235000Z,,,2025-10-09T14:47:45.592185Z,,,1886,CONSENT_REVOKED,CONSENT_REVOKED,CONSENT_REVOKED,CONSENT_REVOKED,CONSENT_REVOKED,CONSENT_REVOKED,CONSENT_REVOKED,CONSENT_REVOKED,CONSENT_REVOKED,avatar
68e45041711a479aa88a50ec,6760906e738f9b6da870edee,RETURNED,Not Applicable,2025-10-06T23:27:01.768000Z,,,2025-10-09T14:47:45.594023Z,,,650,CONSENT_REVOKED,CONSENT_REVOKED,CONSENT_REVOKED,CONSENT_REVOKED,CONSENT_REVOKED,CONSENT_REVOKED,CONSENT_REVOKED,CONSENT_REVOKED,CONSENT_REVOKED,avatar
68e451328bb217adbce2fdd8,65f1b56d620b27328a8836e8,RETURNED,Not Applicable,,,,2025-10-09T14:47:45.597011Z,,,2472,CONSENT_REVOKED,CONSENT_REVOKED,CONSENT_REVOKED,CONSENT_REVOKED,CONSENT_REVOKED,CONSENT_REVOKED,CONSENT_REVOKED,CONSENT_REVOKED,CONSENT_REVOKED,avatar
68e45385b51b0ab0999bbc36,66463e4efb99fba5a67a010a,APPROVED,Not Applicable,2025-10-06T23:41:25.384000Z,2025-10-07T00:23:42.312000Z,2025-10-28T00:02:36.967000Z,2025-10-07T00:23:42.659945Z,2537.0,CUKPH3D8,3324,31,Male,Black,United States,United States,United States,English,No,Full-Time,avatar
68e453875f04ed9886a49bb3,564e93659b124900127eb55b,APPROVED,Not Applicable,2025-10-06T23:40:58.230000Z,2025-10-07T01:17:27.060000Z,2025-10-28T00:02:37.397000Z,2025-10-07T01:17:31.857596Z,5789.0,NOCODE,6750,33,Male,Asian,China,United States,United States,English,No,Full-Time,avatar
68e45405e6cc58c4ec73a471,58a1fe40ea3d11000170d9b9,APPROVED,Not Applicable,2025-10-06T23:43:26.054000Z,2025-10-07T00:17:57.460000Z,2025-10-28T00:02:37.744000Z,2025-10-07T00:18:02.997736Z,2072.0,CUKPH3D8,8104,33,Female,White,United States,United States,United States,English,No,Full-Time,avatar
68e4547f57aa224b19196613,677991de3695b0255b8c8bd2,APPROVED,Not Applicable,2025-10-06T23:45:07.056000Z,2025-10-07T00:03:43.694000Z,2025-10-28T00:02:38.236000Z,2025-10-07T00:08:38.406495Z,1117.0,CUKPH3D8,375,31,Male,White,United States,United States,United States,English,No,Full-Time,avatar
68e454fd760d64bfa6ca8388,660b1447c1e2bd7f4969dd42,RETURNED,Not Applicable,2025-10-06T23:47:27.313000Z,,,2025-10-09T14:47:45.601563Z,,,463,CONSENT_REVOKED,CONSENT_REVOKED,CONSENT_REVOKED,CONSENT_REVOKED,CONSENT_REVOKED,CONSENT_REVOKED,CONSENT_REVOKED,CONSENT_REVOKED,CONSENT_REVOKED,avatar
68e4562c0b8a6436ad7c198d,66d9869a4e9051cdf5d16fa3,APPROVED,Not Applicable,2025-10-06T23:52:15.746000Z,2025-10-07T17:45:46.183000Z,2025-10-07T17:45:46.524000Z,2025-10-07T17:45:46.675058Z,64411.0,Manual Completion,4143,38,Female,White,United States,United States,United States,English,DATA_EXPIRED,DATA_EXPIRED,avatar
68e4570c03a4c12124c03b6e,5f4a7a00dc1bde60ab8f7ac5,RETURNED,Not Applicable,2025-10-06T23:55:56.659000Z,,,2025-10-09T14:47:45.623931Z,,,14388,CONSENT_REVOKED,CONSENT_REVOKED,CONSENT_REVOKED,CONSENT_REVOKED,CONSENT_REVOKED,CONSENT_REVOKED,CONSENT_REVOKED,CONSENT_REVOKED,CONSENT_REVOKED,avatar
68e4574c81ee2354aec97582,5f58d7941af44708223b94da,RETURNED,Not Applicable,2025-10-06T23:57:04.260000Z,,,2025-10-09T14:47:45.609424Z,,,4082,CONSENT_REVOKED,CONSENT_REVOKED,CONSENT_REVOKED,CONSENT_REVOKED,CONSENT_REVOKED,CONSENT_REVOKED,CONSENT_REVOKED,CONSENT_REVOKED,CONSENT_REVOKED,avatar
68e45775f9a29b1d7cd34252,6113ffbf45e79bc2769db74c,RETURNED,Not Applicable,2025-10-06T23:57:45.890000Z,,,2025-10-09T14:47:45.613089Z,,,6837,CONSENT_REVOKED,CONSENT_REVOKED,CONSENT_REVOKED,CONSENT_REVOKED,CONSENT_REVOKED,CONSENT_REVOKED,CONSENT_REVOKED,CONSENT_REVOKED,CONSENT_REVOKED,avatar
68e459e3e9cf65c354ef2afa,6621a2f38453311275d17d65,APPROVED,Not Applicable,2025-10-07T00:10:50.667000Z,2025-10-07T01:00:07.890000Z,2025-10-28T00:02:38.697000Z,2025-10-07T01:00:08.431349Z,2958.0,CUKPH3D8,2380,24,Female,White,United States,United States,United States,English,No,Part-Time,avatar
68e45aaf3261b76fcf81154f,60fd6618f9a377f54dcdf318,APPROVED,Not Applicable,2025-10-07T00:11:38.739000Z,2025-10-07T00:40:38.597000Z,2025-10-28T00:02:39.106000Z,2025-10-07T00:40:38.998543Z,1740.0,CUKPH3D8,16913,39,Male,Mixed,United States,United States,United States,English,Yes,Full-Time,avatar
68e45b1580d39d53e424d005,67439be8ee2236a7c078d523,RETURNED,Not Applicable,2025-10-07T00:13:28.064000Z,,,2025-10-09T14:47:45.605081Z,,,2919,CONSENT_REVOKED,CONSENT_REVOKED,CONSENT_REVOKED,CONSENT_REVOKED,CONSENT_REVOKED,CONSENT_REVOKED,CONSENT_REVOKED,CONSENT_REVOKED,CONSENT_REVOKED,avatar
68e45b394a2d5483d698fb16,649754db1c54fad23e345093,APPROVED,Not Applicable,2025-10-07T00:13:51.960000Z,2025-10-07T00:33:55.371000Z,2025-10-28T00:02:39.520000Z,2025-10-07T00:33:55.775773Z,1204.0,CUKPH3D8,5166,39,Female,White,United States,United States,United States,English,DATA_EXPIRED,DATA_EXPIRED,avatar
68e45bcf03c80cd83b1e06ab,630abefa2e2a5053ffe0636d,RETURNED,Not Applicable,2025-10-07T00:16:19.384000Z,,,2025-10-09T14:47:45.619581Z,,,1227,CONSENT_REVOKED,CONSENT_REVOKED,CONSENT_REVOKED,CONSENT_REVOKED,CONSENT_REVOKED,CONSENT_REVOKED,CONSENT_REVOKED,CONSENT_REVOKED,CONSENT_REVOKED,avatar
68e45d6a998e17b635403cb9,663a7af013938e6bbfb065d5,RETURNED,Not Applicable,2025-10-07T00:23:06.388000Z,,,2025-10-09T14:47:45.617226Z,,,3607,CONSENT_REVOKED,CONSENT_REVOKED,CONSENT_REVOKED,CONSENT_REVOKED,CONSENT_REVOKED,CONSENT_REVOKED,CONSENT_REVOKED,CONSENT_REVOKED,CONSENT_REVOKED,avatar
68e45ed6367e6d7f7e611b1d,6646611de1c681c9cbb78feb,RETURNED,Not Applicable,2025-10-07T00:29:15.069000Z,,,2025-10-09T14:47:45.619152Z,,,387,CONSENT_REVOKED,CONSENT_REVOKED,CONSENT_REVOKED,CONSENT_REVOKED,CONSENT_REVOKED,CONSENT_REVOKED,CONSENT_REVOKED,CONSENT_REVOKED,CONSENT_REVOKED,avatar
68e45f5864a5cf2de92ea08d,5cbdc6f1214b1a0015ccfbab,RETURNED,Not Applicable,,,,2025-10-09T14:47:45.614782Z,,,6706,CONSENT_REVOKED,CONSENT_REVOKED,CONSENT_REVOKED,CONSENT_REVOKED,CONSENT_REVOKED,CONSENT_REVOKED,CONSENT_REVOKED,CONSENT_REVOKED,CONSENT_REVOKED,avatar
68e460b43fa9c70249b90362,611622ddd8be1ac51298cb89,APPROVED,Not Applicable,2025-10-07T00:37:28.704000Z,2025-10-07T02:01:24.587000Z,2025-10-28T00:02:39.938000Z,2025-10-07T02:01:53.764087Z,5036.0,CUKPH3D8,1975,22,Male,White,United States,United States,United States,English,Yes,Part-Time,avatar
68e461475f04ed9886a49c57,657b0ede27d064a99e80f7f2,RETURNED,Not Applicable,,,,2025-10-09T14:47:45.648486Z,,,1052,CONSENT_REVOKED,CONSENT_REVOKED,CONSENT_REVOKED,CONSENT_REVOKED,CONSENT_REVOKED,CONSENT_REVOKED,CONSENT_REVOKED,CONSENT_REVOKED,CONSENT_REVOKED,avatar
68e462a53d3569f372e79a06,663aa6420a964c2a7740b9d7,APPROVED,Not Applicable,2025-10-07T00:45:31.362000Z,2025-10-07T01:07:46.437000Z,2025-10-28T00:02:40.413000Z,2025-10-07T01:07:46.842833Z,1336.0,CUKPH3D8,5990,38,Female,White,United States,United States,United States,English,No,Full-Time,avatar
68e465f6a634ba70b454b1aa,62a885d5b6af18b3d4579e1b,APPROVED,Not Applicable,2025-10-07T00:59:34.988000Z,2025-10-07T01:15:01.233000Z,2025-10-28T00:02:40.915000Z,2025-10-07T01:15:01.613427Z,927.0,CUKPH3D8,12433,33,Male,Mixed,United States,United States,United States,English,Yes,Full-Time,avatar
68e4691cfa86fc508bfdedd7,62f975cbc3507ecf77180d00,APPROVED,Not Applicable,2025-10-07T01:13:00.753000Z,2025-10-07T01:40:08.276000Z,2025-10-28T00:02:41.361000Z,2025-10-07T01:40:08.968905Z,1628.0,CUKPH3D8,2376,22,Male,White,United States,United States,United States,English,DATA_EXPIRED,DATA_EXPIRED,avatar
68e469341498ab24e48b9cf0,5d1c0e818d27eb0016164015,RETURNED,Not Applicable,2025-10-07T01:13:30.290000Z,,,2025-10-09T14:47:45.616525Z,,,2545,CONSENT_REVOKED,CONSENT_REVOKED,CONSENT_REVOKED,CONSENT_REVOKED,CONSENT_REVOKED,CONSENT_REVOKED,CONSENT_REVOKED,CONSENT_REVOKED,CONSENT_REVOKED,avatar
68e46f0d6e3678d871596710,66544b06d9f37cea164b6022,RETURNED,Not Applicable,,,,2025-10-09T14:47:45.620579Z,,,2052,CONSENT_REVOKED,CONSENT_REVOKED,CONSENT_REVOKED,CONSENT_REVOKED,CONSENT_REVOKED,CONSENT_REVOKED,CONSENT_REVOKED,CONSENT_REVOKED,CONSENT_REVOKED,avatar
68e4707aa0381bbff5111f98,65462d3be36b05a1f97d2dc8,APPROVED,Not Applicable,2025-10-07T01:44:40.671000Z,2025-10-07T02:13:41.501000Z,2025-10-28T00:02:41.785000Z,2025-10-07T02:13:41.967121Z,1741.0,CUKPH3D8,1475,36,Female,White,United States,United States,United States,English,Yes,Other,avatar
68e47104da9e5320c7503ea0,641370f5a8d3826956778170,RETURNED,Not Applicable,2025-10-07T01:46:48.206000Z,,,2025-10-09T14:47:45.622121Z,,,4499,CONSENT_REVOKED,CONSENT_REVOKED,CONSENT_REVOKED,CONSENT_REVOKED,CONSENT_REVOKED,CONSENT_REVOKED,CONSENT_REVOKED,CONSENT_REVOKED,CONSENT_REVOKED,avatar
68e4723c0b8a6436ad7c1b15,67042cdf06ed4052bdf44c07,APPROVED,Not Applicable,2025-10-07T01:55:00.297000Z,2025-10-07T03:11:16.267000Z,2025-10-28T00:02:42.205000Z,2025-10-07T03:11:16.935294Z,4576.0,CUKPH3D8,1088,27,Female,Mixed,United States,United States,United States,English,No,"Not in paid work (e.g. homemaker', 'retired or disabled)",avatar
68e47345ffb12ef7a12921c1,670c06bb7926d2525a7a7755,APPROVED,Not Applicable,2025-10-07T01:56:35.830000Z,2025-10-07T02:23:03.309000Z,2025-10-28T00:02:42.630000Z,2025-10-07T02:23:05.608669Z,1588.0,CUKPH3D8,3528,34,Male,Black,United States,United States,United States,English,No,Full-Time,avatar
68e478574ec360d0d77c71e9,5da8edc60f9c9c0017526948,RETURNED,Not Applicable,2025-10-07T02:18:04.121000Z,,,2025-10-09T14:47:45.624053Z,,,7432,CONSENT_REVOKED,CONSENT_REVOKED,CONSENT_REVOKED,CONSENT_REVOKED,CONSENT_REVOKED,CONSENT_REVOKED,CONSENT_REVOKED,CONSENT_REVOKED,CONSENT_REVOKED,avatar
68e47b33f5ad2799ab94048e,65e537f5dbc347495ce3c059,RETURNED,Not Applicable,2025-10-07T02:30:16.143000Z,,,2025-10-09T14:47:45.629347Z,,,1570,CONSENT_REVOKED,CONSENT_REVOKED,CONSENT_REVOKED,CONSENT_REVOKED,CONSENT_REVOKED,CONSENT_REVOKED,CONSENT_REVOKED,CONSENT_REVOKED,CONSENT_REVOKED,avatar
68e47b479f57c5024563ddd7,664e835c732628231a08fff5,APPROVED,Not Applicable,2025-10-07T02:30:41.142000Z,2025-10-07T02:58:46.743000Z,2025-10-28T00:02:43.106000Z,2025-10-07T02:58:49.201332Z,1686.0,CUKPH3D8,1294,31,Female,White,United States,United States,United States,English,No,Full-Time,avatar
68e47b4ace2c312141f20d72,67001c01bcb0cabf8a7f01e7,APPROVED,Not Applicable,2025-10-07T02:31:01.817000Z,2025-10-07T03:16:22.187000Z,2025-10-28T00:02:43.555000Z,2025-10-07T03:16:22.603280Z,2721.0,CUKPH3D8,1856,30,Male,White,United States,United States,United States,English,DATA_EXPIRED,DATA_EXPIRED,avatar
68e47b5271fcb72497b776c5,6609f149a4687bab9065dd59,RETURNED,Not Applicable,2025-10-07T02:30:48.242000Z,,,2025-10-09T14:47:45.625915Z,,,168,CONSENT_REVOKED,CONSENT_REVOKED,CONSENT_REVOKED,CONSENT_REVOKED,CONSENT_REVOKED,CONSENT_REVOKED,CONSENT_REVOKED,CONSENT_REVOKED,CONSENT_REVOKED,avatar
68e47d59998e17b6354041e2,5a6e8532e6cc4a0001b6d728,APPROVED,Not Applicable,2025-10-07T02:39:29.251000Z,2025-10-07T03:05:18.911000Z,2025-10-28T00:02:44.029000Z,2025-10-07T03:05:19.768149Z,1550.0,CUKPH3D8,1981,35,Female,White,United States,United States,United States,English,No,Full-Time,avatar
68e481964c092bbe0c82b779,66ca18ce20c4af7baa912758,APPROVED,Not Applicable,2025-10-07T02:58:24.803000Z,2025-10-07T03:22:17.545000Z,2025-10-28T00:02:44.761000Z,2025-10-07T03:22:18.124447Z,1433.0,CUKPH3D8,666,29,Female,Black,United States,United States,United States,English,DATA_EXPIRED,DATA_EXPIRED,avatar
68e68e2358b7d995f54e2629,63f78071721a6cacdd63d835,RETURNED,Not Applicable,2025-10-08T16:15:31.897000Z,,,2025-10-08T20:35:28.052835Z,,,4380,CONSENT_REVOKED,CONSENT_REVOKED,CONSENT_REVOKED,CONSENT_REVOKED,CONSENT_REVOKED,CONSENT_REVOKED,CONSENT_REVOKED,CONSENT_REVOKED,CONSENT_REVOKED,control
68e68efeb4f4f00387b75383,62e6c5d05d354e1f99d612e4,TIMED-OUT,Not Applicable,2025-10-08T16:27:37.136000Z,,,2025-10-08T20:35:26.559175Z,14870.0,,3683,34,Male,Black,United States,United States,United States,English,No,Full-Time,control
68e68f62e741112f74f684f5,5f3ac1732efa0a74f975b1a8,RETURNED,Not Applicable,2025-10-08T16:22:01.333000Z,,,2025-10-08T20:35:26.572237Z,,,3448,CONSENT_REVOKED,CONSENT_REVOKED,CONSENT_REVOKED,CONSENT_REVOKED,CONSENT_REVOKED,CONSENT_REVOKED,CONSENT_REVOKED,CONSENT_REVOKED,CONSENT_REVOKED,control
68e69235d911c39a734a4e9a,65ccca52871269168cc029b5,RETURNED,Not Applicable,,,,2025-10-08T20:35:28.108251Z,,,1732,CONSENT_REVOKED,CONSENT_REVOKED,CONSENT_REVOKED,CONSENT_REVOKED,CONSENT_REVOKED,CONSENT_REVOKED,CONSENT_REVOKED,CONSENT_REVOKED,CONSENT_REVOKED,control
68e692439fc40f905f940683,66fdd6ecd96e23c98cf47a4a,RETURNED,Not Applicable,2025-10-08T16:33:16.976000Z,,,2025-10-08T20:35:26.564896Z,,,1079,CONSENT_REVOKED,CONSENT_REVOKED,CONSENT_REVOKED,CONSENT_REVOKED,CONSENT_REVOKED,CONSENT_REVOKED,CONSENT_REVOKED,CONSENT_REVOKED,CONSENT_REVOKED,control
68e6929030163a29c3ffe400,5d460ce9ba790b0001dd488c,APPROVED,Not Applicable,2025-10-08T16:34:40.166000Z,2025-10-08T16:53:07.486000Z,2025-10-29T00:02:46.513000Z,2025-10-08T16:53:07.897644Z,1108.0,CUKPH3D8,756,39,Female,White,United States,United States,United States,English,DATA_EXPIRED,DATA_EXPIRED,control
68e692ef256226ee4473afaf,65390c1abdfe1fd0b200ac11,RETURNED,Not Applicable,2025-10-08T16:36:06.496000Z,,,2025-10-08T20:35:26.583276Z,,,2912,CONSENT_REVOKED,CONSENT_REVOKED,CONSENT_REVOKED,CONSENT_REVOKED,CONSENT_REVOKED,CONSENT_REVOKED,CONSENT_REVOKED,CONSENT_REVOKED,CONSENT_REVOKED,control
68e695c447cb372365d7be8e,67388861a4434c34f877785d,APPROVED,Not Applicable,2025-10-08T16:48:09.413000Z,2025-10-08T17:24:04.287000Z,2025-10-29T00:02:46.882000Z,2025-10-08T17:24:04.797651Z,2155.0,thankyou2025,527,33,Female,DATA_EXPIRED,United States,United States,United States,English,DATA_EXPIRED,DATA_EXPIRED,control
68e696061e1a34ef04b1dda3,601d7cc678b34c000c119699,RETURNED,Not Applicable,,,,2025-10-08T20:35:26.569919Z,,,74,CONSENT_REVOKED,CONSENT_REVOKED,CONSENT_REVOKED,CONSENT_REVOKED,CONSENT_REVOKED,CONSENT_REVOKED,CONSENT_REVOKED,CONSENT_REVOKED,CONSENT_REVOKED,control
68e69995682928decbaf4057,667dc21819f1e0f06520b7e0,APPROVED,Not Applicable,2025-10-08T17:04:33.898000Z,2025-10-08T17:48:00.127000Z,2025-10-29T00:02:47.366000Z,2025-10-08T17:48:00.554714Z,2607.0,CUKPH3D8,1266,30,Male,Black,United States,United States,United States,English,DATA_EXPIRED,DATA_EXPIRED,control
68e699a078178cb732f89b70,660d6b2e957fa582ec87816f,APPROVED,Not Applicable,2025-10-08T17:04:55.810000Z,2025-10-08T17:28:50.857000Z,2025-10-29T00:02:47.707000Z,2025-10-08T17:28:51.260615Z,1436.0,thankyou2025,1223,37,Female,White,United States,United States,United States,English,DATA_EXPIRED,Part-Time,control
68e69a2f529e86b896c0f3f3,673c90022c553e1b8f60a3af,APPROVED,Not Applicable,2025-10-08T17:07:00.820000Z,2025-10-08T17:39:00.917000Z,2025-10-29T00:02:48.812000Z,2025-10-08T17:39:01.305123Z,1921.0,CUKPH3D8,594,27,Male,Other,United States,United States,United States,English,No,DATA_EXPIRED,control
68e69b03aeb574a842a7fbac,62b20c0065e9809e66d13fa5,APPROVED,Not Applicable,2025-10-08T17:10:32.422000Z,2025-10-08T17:41:10.131000Z,2025-10-29T00:02:50.369000Z,2025-10-08T17:41:10.512578Z,1838.0,CUKPH3D8,8612,27,Male,White,United States,United States,United States,English,DATA_EXPIRED,DATA_EXPIRED,control
68e69b3af3de7c4c24dd526f,67059311fdf4bc0b38a00848,RETURNED,Not Applicable,,,,2025-10-08T20:35:26.575669Z,,,1480,CONSENT_REVOKED,CONSENT_REVOKED,CONSENT_REVOKED,CONSENT_REVOKED,CONSENT_REVOKED,CONSENT_REVOKED,CONSENT_REVOKED,CONSENT_REVOKED,CONSENT_REVOKED,control
68e69b9c05349cd0008d70f0,67299a3cb9242638dd2556db,APPROVED,Not Applicable,2025-10-08T17:13:07.980000Z,2025-10-08T17:42:53.411000Z,2025-10-29T00:02:51.407000Z,2025-10-08T17:42:53.808410Z,1786.0,CUKPH3D8,1663,26,Female,Black,United States,United States,United States,English,No,Full-Time,control
68e69dcc2e4e7fb7e66f6995,63039dbefda87c47a91fec04,APPROVED,Not Applicable,2025-10-08T17:22:25.881000Z,2025-10-08T18:26:42.334000Z,2025-10-29T00:02:51.994000Z,2025-10-08T18:26:42.719221Z,3857.0,CUKPH3D8,4879,38,Male,Black,United States,United States,United States,English,No,DATA_EXPIRED,control
68e6a09329d803c28b786a48,61363ce02e6022a741d63a6e,APPROVED,Not Applicable,2025-10-08T17:34:18.715000Z,2025-10-08T18:23:24.750000Z,2025-10-29T00:02:53.065000Z,2025-10-08T18:24:03.121654Z,2947.0,NOCODE,4173,29,Male,White,United States,United States,United States,English,No,Full-Time,control
68e6a1012dcc5cb3667252a3,62029a55ef1cb18a1337c61a,RETURNED,Not Applicable,2025-10-08T17:36:05.904000Z,,,2025-10-08T20:35:26.580191Z,,,18142,CONSENT_REVOKED,CONSENT_REVOKED,CONSENT_REVOKED,CONSENT_REVOKED,CONSENT_REVOKED,CONSENT_REVOKED,CONSENT_REVOKED,CONSENT_REVOKED,CONSENT_REVOKED,control
68e6a19ff642f7c948fbe0d4,6681a6064361475b2acf7793,RETURNED,Not Applicable,,,,2025-10-08T20:35:26.583681Z,,,1948,CONSENT_REVOKED,CONSENT_REVOKED,CONSENT_REVOKED,CONSENT_REVOKED,CONSENT_REVOKED,CONSENT_REVOKED,CONSENT_REVOKED,CONSENT_REVOKED,CONSENT_REVOKED,control
68e6a1ef15fc7a4c7b9dfa63,67c9e8e5ec86b1f821a8d5c7,RETURNED,Not Applicable,2025-10-08T17:40:03.009000Z,,,2025-10-08T20:35:26.589662Z,,,2224,CONSENT_REVOKED,CONSENT_REVOKED,CONSENT_REVOKED,CONSENT_REVOKED,CONSENT_REVOKED,CONSENT_REVOKED,CONSENT_REVOKED,CONSENT_REVOKED,CONSENT_REVOKED,control
68e6a319f3de7c4c24dd5355,66f1b4e2d875c6785ca1d50a,APPROVED,Not Applicable,2025-10-08T17:48:03.880000Z,2025-10-08T18:10:12.133000Z,2025-10-29T00:02:53.816000Z,2025-10-08T18:10:13.869079Z,1329.0,CUKPH3D8,1176,22,Female,White,United States,United States,United States,English,No,DATA_EXPIRED,control
68e6a3da41020b9abd35a1b4,5e16bce18dffa0c6f76cda9b,RETURNED,Not Applicable,,,,2025-10-08T20:35:30.520262Z,,,6686,CONSENT_REVOKED,CONSENT_REVOKED,CONSENT_REVOKED,CONSENT_REVOKED,CONSENT_REVOKED,CONSENT_REVOKED,CONSENT_REVOKED,CONSENT_REVOKED,CONSENT_REVOKED,control
68e6a74b88e1ee270eb05869,61489a7c8f9dfcc9f78b7c36,APPROVED,Not Applicable,2025-10-08T18:03:04.256000Z,2025-10-08T18:37:22.161000Z,2025-10-29T00:02:55.552000Z,2025-10-08T18:37:22.805901Z,2058.0,CUKPH3D8,2844,28,Male,Other,United States,United States,United States,English,No,Full-Time,control
68e6a7ab2dfd6fb2867f2038,65c243c37e0d77ca70ee030e,APPROVED,Not Applicable,2025-10-08T18:04:31.065000Z,2025-10-08T18:36:26.657000Z,2025-10-29T00:02:56.097000Z,2025-10-08T18:36:28.639798Z,1916.0,CUKPH3D8,4265,24,Female,Mixed,United States,United States,United States,English,DATA_EXPIRED,DATA_EXPIRED,control
68e6a7c25570d50cc018ba79,60f6e30863cdeb849cbeb338,RETURNED,Not Applicable,,,,2025-10-08T20:35:26.604060Z,,,3134,CONSENT_REVOKED,CONSENT_REVOKED,CONSENT_REVOKED,CONSENT_REVOKED,CONSENT_REVOKED,CONSENT_REVOKED,CONSENT_REVOKED,CONSENT_REVOKED,CONSENT_REVOKED,control
68e6aad92fac6a540eee9b4e,5dc474fd45b8f933f16d6241,APPROVED,Not Applicable,2025-10-08T18:18:07.058000Z,2025-10-08T18:35:29.122000Z,2025-10-29T00:02:56.585000Z,2025-10-08T18:35:29.514433Z,1043.0,CUKPH3D8,4316,35,Female,White,United States,United States,United States,English,No,"Not in paid work (e.g. homemaker', 'retired or disabled)",control
68e6ad05904335de47099679,65831ec7a0cb41561b8e43e9,RETURNED,Not Applicable,2025-10-08T18:27:38.314000Z,,,2025-10-08T20:35:26.605108Z,,,3516,CONSENT_REVOKED,CONSENT_REVOKED,CONSENT_REVOKED,CONSENT_REVOKED,CONSENT_REVOKED,CONSENT_REVOKED,CONSENT_REVOKED,CONSENT_REVOKED,CONSENT_REVOKED,control
68e6b1ea57055a7c262f0092,63d7fb6ee49281f6c41d6630,APPROVED,Not Applicable,2025-10-08T18:48:23.110000Z,2025-10-08T19:06:44.323000Z,2025-10-29T00:02:57.249000Z,2025-10-08T19:06:44.734434Z,1102.0,CUKPH3D8,4382,30,Male,White,United States,United States,United States,English,DATA_EXPIRED,DATA_EXPIRED,control
68e6b4ce7063921520819ac7,5a79f3f3000dab00018c31d0,APPROVED,Not Applicable,2025-10-08T19:09:32.517000Z,2025-10-08T19:26:08.794000Z,2025-10-29T00:02:58.093000Z,2025-10-08T19:26:09.251413Z,997.0,CUKPH3D8,1117,37,Male,Black,United States,United States,United States,English,DATA_EXPIRED,DATA_EXPIRED,control
68e6b4d14af7d047809b0dcb,6711e09a6906af2fa5b782bd,APPROVED,Not Applicable,2025-10-08T19:00:44.461000Z,2025-10-08T19:37:18.825000Z,2025-10-29T00:02:58.836000Z,2025-10-08T19:37:19.252278Z,2195.0,CUKPH3D8,1315,33,Female,White,United States,United States,United States,English,DATA_EXPIRED,DATA_EXPIRED,control
68e6b5a01e50a99841d0c577,66e9b926c782e4f47a05ec7c,APPROVED,Not Applicable,2025-10-08T19:04:03.996000Z,2025-10-08T19:34:49.068000Z,2025-10-29T00:02:59.171000Z,2025-10-08T19:34:49.508080Z,1846.0,CUKPH3D8,681,34,Female,White,United States,United States,United States,English,No,Part-Time,control
68e6b816b4feaa18a4368522,62cd43d66c2dd7ae9ab53ae7,RETURNED,Not Applicable,,,,2025-10-08T20:35:26.599102Z,,,9226,CONSENT_REVOKED,CONSENT_REVOKED,CONSENT_REVOKED,CONSENT_REVOKED,CONSENT_REVOKED,CONSENT_REVOKED,CONSENT_REVOKED,CONSENT_REVOKED,CONSENT_REVOKED,control
68e6bb61da2038af98bf3536,67446a0309a2bfd11c4ac73d,RETURNED,Not Applicable,,,,2025-10-08T20:35:36.666043Z,,,564,CONSENT_REVOKED,CONSENT_REVOKED,CONSENT_REVOKED,CONSENT_REVOKED,CONSENT_REVOKED,CONSENT_REVOKED,CONSENT_REVOKED,CONSENT_REVOKED,CONSENT_REVOKED,control
68e6becdb8b792d22dc72c59,6673023f164ea88cbe14e203,APPROVED,Not Applicable,2025-10-08T19:43:15.569000Z,2025-10-08T20:09:06.843000Z,2025-10-29T00:02:59.467000Z,2025-10-08T20:09:07.214380Z,1552.0,CUKPH3D8,1941,30,Female,Mixed,United States,United States,United States,English,DATA_EXPIRED,DATA_EXPIRED,control
68e6c209f48183c56775310e,63ffcb367b500c516d0648a2,APPROVED,Not Applicable,2025-10-08T19:57:02.392000Z,2025-10-08T20:45:49.483000Z,2025-10-29T00:02:59.775000Z,2025-10-08T20:45:51.036958Z,2928.0,CUKPH3D8,7640,40,Male,White,United States,United States,United States,English,DATA_EXPIRED,DATA_EXPIRED,control
68e6c2504b132b9758a8733a,64135e3d9cd5e3f16290d29c,APPROVED,Not Applicable,2025-10-08T19:58:14.377000Z,2025-10-08T21:17:10.843000Z,2025-10-29T00:03:00.089000Z,2025-10-08T21:17:22.254476Z,4737.0,CUKPH3D8,3803,27,Male,Asian,United States,United States,United States,English,DATA_EXPIRED,DATA_EXPIRED,control
68e6c364c841dcd3bd6dba19,60cb3c4b9454f7a196355088,APPROVED,Not Applicable,2025-10-08T20:02:48.034000Z,2025-10-08T20:32:25.334000Z,2025-10-29T00:03:00.514000Z,2025-10-08T20:32:26.441139Z,1778.0,CUKPH3D8,7665,38,Male,Black,United States,United States,United States,English,No,DATA_EXPIRED,control
68e6c4bb9d59cf47e86df96f,678f46cd0f21903076471f34,APPROVED,Not Applicable,2025-10-08T20:08:32.267000Z,2025-10-08T20:24:27.104000Z,2025-10-29T00:03:00.855000Z,2025-10-08T20:24:27.513066Z,955.0,CUKPH3D8,360,30,Male,White,United States,United States,United States,English,DATA_EXPIRED,Full-Time,control
68e6c4d296f29c8932fa4c83,5cc4d401cf4449000192a300,RETURNED,Not Applicable,2025-10-08T20:08:54.782000Z,,,2025-10-08T20:35:26.607665Z,,,1151,CONSENT_REVOKED,CONSENT_REVOKED,CONSENT_REVOKED,CONSENT_REVOKED,CONSENT_REVOKED,CONSENT_REVOKED,CONSENT_REVOKED,CONSENT_REVOKED,CONSENT_REVOKED,control
68e6c62ebe50fa33a93ca083,5e646abe244a7f1feb0f6321,APPROVED,Not Applicable,2025-10-08T20:14:45.837000Z,2025-10-08T20:45:22.685000Z,2025-10-29T00:03:01.207000Z,2025-10-08T20:45:26.739877Z,1837.0,CUKPH3D8,8434,33,Male,White,Egypt,United States,United States,Arabic,No,Full-Time,control
68e6c655dc645c94201b6023,63cee08c60670525b4f43946,APPROVED,Not Applicable,2025-10-08T20:15:20.251000Z,2025-10-08T20:51:12.201000Z,2025-10-29T00:03:01.893000Z,2025-10-08T20:51:13.622989Z,2152.0,CUKPH3D8,1148,35,Female,White,United States,United States,United States,English,DATA_EXPIRED,DATA_EXPIRED,control
68e6c65711435bc3b0c1cc87,663631e9a98cfc7ea17bbde6,APPROVED,Not Applicable,2025-10-08T20:15:23.667000Z,2025-10-08T20:50:38.503000Z,2025-10-29T00:03:02.456000Z,2025-10-08T20:50:38.993277Z,2115.0,CUKPH3D8,1942,27,Female,Black,United States,United States,United States,English,DATA_EXPIRED,DATA_EXPIRED,control
68e6c659d31b6bf27468e7eb,6536a9f9ac4d61b9d34f5b3b,APPROVED,Not Applicable,2025-10-08T20:15:25.426000Z,2025-10-08T20:43:16.165000Z,2025-10-29T00:03:03.318000Z,2025-10-08T20:43:16.641669Z,1671.0,CUKPH3D8,338,38,Female,White,United States,United States,United States,English,DATA_EXPIRED,DATA_EXPIRED,control
68e6c65bf2c747eed646478a,588ab33542c8e900019d02ae,APPROVED,Not Applicable,2025-10-08T20:15:26.272000Z,2025-10-08T20:48:34.373000Z,2025-10-29T00:03:03.863000Z,2025-10-08T20:48:35.261247Z,1989.0,CUKPH3D8,2977,29,Male,DATA_EXPIRED,United States,United States,United States,English,DATA_EXPIRED,Full-Time,control
68e6c6606aeda7b24ac1ed6a,5dce3ccc32ccbf0cd54263db,APPROVED,Not Applicable,2025-10-08T20:15:32.164000Z,2025-10-08T21:44:20.641000Z,2025-10-29T00:03:04.728000Z,2025-10-08T21:45:35.419743Z,5329.0,CUKPH3D8,3554,26,Female,Other,United States,United States,United States,Spanish,DATA_EXPIRED,DATA_EXPIRED,control
68e6c66bb73dc344652e565f,5ca749ff98b35f0001f7559d,RETURNED,Not Applicable,2025-10-08T20:15:45.466000Z,,,2025-10-08T20:35:26.638392Z,,,3235,CONSENT_REVOKED,CONSENT_REVOKED,CONSENT_REVOKED,CONSENT_REVOKED,CONSENT_REVOKED,CONSENT_REVOKED,CONSENT_REVOKED,CONSENT_REVOKED,CONSENT_REVOKED,control
68e6c66d1a1be488ae41cc4d,66ef8c16db6307178a651f0a,RETURNED,Not Applicable,2025-10-08T20:15:55.454000Z,,,2025-10-08T22:24:34.556061Z,,,710,CONSENT_REVOKED,CONSENT_REVOKED,CONSENT_REVOKED,CONSENT_REVOKED,CONSENT_REVOKED,CONSENT_REVOKED,CONSENT_REVOKED,CONSENT_REVOKED,CONSENT_REVOKED,control
68e6ca5a854c911422f471b5,62c35e9517e15b36b957a678,RETURNED,Not Applicable,,,,2025-10-08T20:35:26.714114Z,,,7107,CONSENT_REVOKED,CONSENT_REVOKED,CONSENT_REVOKED,CONSENT_REVOKED,CONSENT_REVOKED,CONSENT_REVOKED,CONSENT_REVOKED,CONSENT_REVOKED,CONSENT_REVOKED,control
68e6ca6271920647cea60dd0,668dfb154f987d9440085e63,RETURNED,Not Applicable,2025-10-08T20:32:38.882000Z,,,2025-10-08T20:35:26.776130Z,,,844,CONSENT_REVOKED,CONSENT_REVOKED,CONSENT_REVOKED,CONSENT_REVOKED,CONSENT_REVOKED,CONSENT_REVOKED,CONSENT_REVOKED,CONSENT_REVOKED,CONSENT_REVOKED,control
68e6ca94e6709f38aed306f3,5c88665f24efd80016b948b5,APPROVED,Not Applicable,2025-10-08T20:33:33.780000Z,2025-10-08T20:45:05.163000Z,2025-10-29T00:03:05.096000Z,2025-10-08T20:45:08.267361Z,692.0,futureyou2025,3232,34,Female,Black,Spain,United States,United States,English,No,Full-Time,control
68e6cd075dba467009fa099d,67588a443ddaa03e391bcbe8,APPROVED,Not Applicable,2025-10-08T20:43:54.754000Z,2025-10-08T21:02:55.550000Z,2025-10-29T00:03:05.498000Z,2025-10-08T21:04:12.317019Z,1141.0,CUKPH3D8,270,27,Male,Mixed,United States,United States,United States,English,No,Full-Time,control
68e55ae7817e9bb90707ca4d,616dac30fd433eb926c5ceaa,APPROVED,Not Applicable,2025-10-07T18:24:45.218000Z,2025-10-07T18:49:17.916000Z,2025-10-28T00:04:05.079000Z,2025-10-07T18:49:26.515095Z,1473.0,CUKPH3D8,1770,37,Female,Black,United States,United States,United States,English,Yes,Full-Time,text
68e441623fd8500ba4566da8,6015ba06aa02256df4792d15,APPROVED,Not Applicable,2025-10-06T22:23:35.099000Z,2025-10-06T23:19:33.832000Z,2025-10-27T00:03:31.244000Z,2025-10-06T23:19:34.293499Z,3359.0,CUKPH3D8,1843,27,Female,White,United States,United States,United States,English,DATA_EXPIRED,DATA_EXPIRED,text
68e441b412d71f0b73260ee9,5c3e359b08a31d000166b9aa,APPROVED,Not Applicable,2025-10-06T22:25:02.177000Z,2025-10-06T22:58:09.849000Z,2025-10-27T00:03:31.858000Z,2025-10-06T22:58:10.194826Z,1988.0,CUKPH3D8,198,31,Female,Black,United States,United States,United States,English,DATA_EXPIRED,DATA_EXPIRED,text
68e441b8898a8190a254eaa4,67296c945c2b23b3b4f9d079,APPROVED,Not Applicable,2025-10-06T22:25:00.146000Z,2025-10-06T22:52:04.399000Z,2025-10-27T00:03:32.470000Z,2025-10-06T22:52:04.830729Z,1625.0,CUKPH3D8,677,25,Female,Black,United States,United States,United States,English,DATA_EXPIRED,Full-Time,text
68e442a30c7b2cb9bbdec76b,66b93ba9ccbb002158c59355,RETURNED,Not Applicable,2025-10-06T22:29:02.590000Z,,,2025-10-09T14:48:00.402942Z,,,1910,CONSENT_REVOKED,CONSENT_REVOKED,CONSENT_REVOKED,CONSENT_REVOKED,CONSENT_REVOKED,CONSENT_REVOKED,CONSENT_REVOKED,CONSENT_REVOKED,CONSENT_REVOKED,text
68e44312e63d33814b975ea4,6527f153bea7b2d7c0d556e4,RETURNED,Not Applicable,2025-10-06T22:30:49.935000Z,,,2025-10-09T14:48:00.404302Z,,,4237,CONSENT_REVOKED,CONSENT_REVOKED,CONSENT_REVOKED,CONSENT_REVOKED,CONSENT_REVOKED,CONSENT_REVOKED,CONSENT_REVOKED,CONSENT_REVOKED,CONSENT_REVOKED,text
68e44326e1834b376b56f5b3,5d90298097a2130015f3fa3c,APPROVED,Not Applicable,2025-10-06T22:32:48.183000Z,2025-10-06T23:13:11.065000Z,2025-10-27T00:03:32.844000Z,2025-10-06T23:13:11.441390Z,2423.0,CUKPH3D8,3095,34,Male,White,United States,United States,United States,English,No,Full-Time,text
68e4437a7406769a213ca64c,67062295123561f8241f65fc,RETURNED,Not Applicable,2025-10-06T22:32:26.192000Z,,,2025-10-09T14:48:00.407246Z,,,1723,CONSENT_REVOKED,CONSENT_REVOKED,CONSENT_REVOKED,CONSENT_REVOKED,CONSENT_REVOKED,CONSENT_REVOKED,CONSENT_REVOKED,CONSENT_REVOKED,CONSENT_REVOKED,text
68e4440e0e2b3752fdc129d4,610835949b556d70924fd817,APPROVED,Not Applicable,2025-10-06T22:34:59.452000Z,2025-10-06T23:04:01.212000Z,2025-10-27T00:03:33.342000Z,2025-10-06T23:04:03.763499Z,1742.0,CUKPH3D8,719,22,Female,White,United States,United States,United States,English,DATA_EXPIRED,DATA_EXPIRED,text
68e44508ec8ab7944ca06cbc,67a8bfb2f846cd3ea9bcd898,APPROVED,Not Applicable,2025-10-06T22:39:14.095000Z,2025-10-06T23:10:36.765000Z,2025-10-27T00:03:33.823000Z,2025-10-06T23:10:37.157047Z,1883.0,CUKPH3D8,2038,29,Female,Black,United States,United States,United States,English,DATA_EXPIRED,DATA_EXPIRED,text
68e4454d5264202b59f63b7f,60bff9298f56d55c8ecd9adf,RETURNED,Not Applicable,2025-10-06T22:40:27.470000Z,,,2025-10-09T14:48:00.415892Z,,,11334,CONSENT_REVOKED,CONSENT_REVOKED,CONSENT_REVOKED,CONSENT_REVOKED,CONSENT_REVOKED,CONSENT_REVOKED,CONSENT_REVOKED,CONSENT_REVOKED,CONSENT_REVOKED,text
68e445726aef36eda8c6c0db,66199822c723a66ae0d5fc24,APPROVED,Not Applicable,2025-10-06T22:40:55.137000Z,2025-10-06T23:14:42.294000Z,2025-10-27T00:03:34.296000Z,2025-10-06T23:14:43.923216Z,2028.0,CUKPH3D8,1634,28,Female,White,United States,United States,United States,English,No,DATA_EXPIRED,text
68e445754ac465409d7108ba,66463e4efb99fba5a67a010a,APPROVED,Not Applicable,2025-10-06T22:40:56.128000Z,2025-10-06T23:03:43.403000Z,2025-10-27T00:03:34.704000Z,2025-10-06T23:03:43.819889Z,1368.0,CUKPH3D8,3321,31,Male,Black,United States,United States,United States,English,No,Full-Time,text
68e44579a7141a51729e3416,60fd6618f9a377f54dcdf318,APPROVED,Not Applicable,2025-10-06T22:41:17.998000Z,2025-10-06T23:04:30.014000Z,2025-10-27T00:03:35.094000Z,2025-10-06T23:04:35.224742Z,1393.0,CUKPH3D8,16906,39,Male,Mixed,United States,United States,United States,English,Yes,Full-Time,text
68e4459c0433343c13135f7d,6643cbd6903cfc9bd5d0be09,APPROVED,Not Applicable,2025-10-06T22:41:35.458000Z,2025-10-06T23:18:33.512000Z,2025-10-27T00:03:35.513000Z,2025-10-06T23:18:33.910460Z,2219.0,CUKPH3D8,1362,32,Female,Mixed,United States,United States,United States,English,DATA_EXPIRED,DATA_EXPIRED,text
68e445f64061d1fed5a95589,63e51bd9b573cd46809e1d56,RETURNED,Not Applicable,2025-10-06T22:43:05.369000Z,,,2025-10-09T14:48:00.414805Z,,,5598,CONSENT_REVOKED,CONSENT_REVOKED,CONSENT_REVOKED,CONSENT_REVOKED,CONSENT_REVOKED,CONSENT_REVOKED,CONSENT_REVOKED,CONSENT_REVOKED,CONSENT_REVOKED,text
68e446310bc8fa6d60beb299,6113ffbf45e79bc2769db74c,RETURNED,Not Applicable,2025-10-06T22:44:58.896000Z,,,2025-10-09T14:48:00.416881Z,,,6837,CONSENT_REVOKED,CONSENT_REVOKED,CONSENT_REVOKED,CONSENT_REVOKED,CONSENT_REVOKED,CONSENT_REVOKED,CONSENT_REVOKED,CONSENT_REVOKED,CONSENT_REVOKED,text
68e446756b205e060361ad85,58a1fe40ea3d11000170d9b9,APPROVED,Not Applicable,2025-10-06T22:45:16.292000Z,2025-10-06T23:41:59.201000Z,2025-10-27T00:03:35.900000Z,2025-10-06T23:41:59.601736Z,3403.0,CUKPH3D8,8103,33,Female,White,United States,United States,United States,English,No,Full-Time,text
68e4467ef78bd34314f00f9b,61647de75314468d5cb57f93,RETURNED,Not Applicable,2025-10-06T22:45:23.913000Z,,,2025-10-09T14:48:00.414958Z,,,2431,CONSENT_REVOKED,CONSENT_REVOKED,CONSENT_REVOKED,CONSENT_REVOKED,CONSENT_REVOKED,CONSENT_REVOKED,CONSENT_REVOKED,CONSENT_REVOKED,CONSENT_REVOKED,text
68e446abaa4a004666668146,5a198755f2e3460001edc5c9,APPROVED,Not Applicable,2025-10-06T22:46:18.876000Z,2025-10-06T23:10:01.845000Z,2025-10-27T00:03:36.308000Z,2025-10-06T23:10:02.267522Z,1423.0,CUKPH3D8,3300,37,Male,White,United States,United States,United States,English,No,Part-Time,text
68e447746272aa3ed3bcef3b,676f6e127fe25105c06e8775,APPROVED,Not Applicable,2025-10-06T22:50:18.133000Z,2025-10-06T23:10:19.244000Z,2025-10-27T00:03:36.700000Z,2025-10-06T23:10:21.555601Z,1202.0,CUKPH3D8,531,35,Male,White,United States,United States,United States,English,DATA_EXPIRED,DATA_EXPIRED,text
68e447e78f25dbdc86df577e,5f4a7a00dc1bde60ab8f7ac5,RETURNED,Not Applicable,2025-10-06T22:51:19.688000Z,,,2025-10-09T14:48:00.415917Z,,,14388,CONSENT_REVOKED,CONSENT_REVOKED,CONSENT_REVOKED,CONSENT_REVOKED,CONSENT_REVOKED,CONSENT_REVOKED,CONSENT_REVOKED,CONSENT_REVOKED,CONSENT_REVOKED,text
68e44803d4568b7382fe4d87,65e122e74d202ea19cde5055,APPROVED,Not Applicable,2025-10-06T22:51:52.105000Z,2025-10-06T23:17:08.595000Z,2025-10-27T00:03:37.142000Z,2025-10-06T23:17:09.041667Z,1517.0,CUKPH3D8,330,34,Male,Mixed,United States,United States,United States,English,No,DATA_EXPIRED,text
68e449d034a535066835f76e,608981c1be83df6a5452398e,RETURNED,Not Applicable,,,,2025-10-09T14:48:00.416269Z,,,4286,CONSENT_REVOKED,CONSENT_REVOKED,CONSENT_REVOKED,CONSENT_REVOKED,CONSENT_REVOKED,CONSENT_REVOKED,CONSENT_REVOKED,CONSENT_REVOKED,CONSENT_REVOKED,text
68e44ba86bc350df7194deba,66611f308ccb44ab7f21984e,RETURNED,Not Applicable,2025-10-06T23:18:00.011000Z,,,2025-10-09T14:48:00.419264Z,,,724,CONSENT_REVOKED,CONSENT_REVOKED,CONSENT_REVOKED,CONSENT_REVOKED,CONSENT_REVOKED,CONSENT_REVOKED,CONSENT_REVOKED,CONSENT_REVOKED,CONSENT_REVOKED,text
68e44c61da9e5320c7503d09,5e850b0e390e520ec806b084,APPROVED,Not Applicable,2025-10-06T23:10:38.131000Z,2025-10-06T23:58:05.605000Z,2025-10-27T00:03:37.551000Z,2025-10-06T23:58:06.037997Z,2848.0,CUKPH3D8,4374,40,Male,Black,United States,United States,United States,English,DATA_EXPIRED,Full-Time,text
68e44d40037c3fda94b13284,62bb42e2f21cfdb280cc975f,APPROVED,Not Applicable,2025-10-06T23:14:12.277000Z,2025-10-07T00:42:30.689000Z,2025-10-28T00:03:00.433000Z,2025-10-07T00:42:31.059600Z,5299.0,CUKPH3D8,7436,30,Female,Other,United States,United States,United States,English,Yes,Full-Time,text
68e44d93f07c51a145682950,6722ae0741429fa41d8893db,RETURNED,Not Applicable,2025-10-06T23:16:10.068000Z,,,2025-10-09T14:48:00.422131Z,,,1070,CONSENT_REVOKED,CONSENT_REVOKED,CONSENT_REVOKED,CONSENT_REVOKED,CONSENT_REVOKED,CONSENT_REVOKED,CONSENT_REVOKED,CONSENT_REVOKED,CONSENT_REVOKED,text
68e44d9dad70c3f71e575d69,663a3ec623585cdc234e2dc5,APPROVED,Not Applicable,2025-10-06T23:15:45.534000Z,2025-10-07T00:43:44.508000Z,2025-10-28T00:03:01.027000Z,2025-10-07T00:43:44.905205Z,5279.0,CUKPH3D8,1455,33,Female,White,Belarus,United States,United States,Russian,No,Full-Time,text
68e4510ea3bc6c37001372cb,6522bba9f065408008c70eb3,RETURNED,Not Applicable,2025-10-06T23:41:00.017000Z,,,2025-10-09T14:48:02.100876Z,,,2565,CONSENT_REVOKED,CONSENT_REVOKED,CONSENT_REVOKED,CONSENT_REVOKED,CONSENT_REVOKED,CONSENT_REVOKED,CONSENT_REVOKED,CONSENT_REVOKED,CONSENT_REVOKED,text
68e4514582874c72966af801,663a7af013938e6bbfb065d5,APPROVED,Not Applicable,2025-10-06T23:34:27.684000Z,2025-10-07T00:23:01.162000Z,2025-10-28T00:03:01.432000Z,2025-10-07T00:23:01.569803Z,2914.0,CUKPH3D8,3580,36,Male,White,United States,United States,United States,English,DATA_EXPIRED,DATA_EXPIRED,text
68e4521d36ba08c504596c3e,66ecded667f721bca7e5609d,APPROVED,Not Applicable,2025-10-06T23:35:07.950000Z,2025-10-06T23:52:55.562000Z,2025-10-27T00:03:38.192000Z,2025-10-06T23:53:00.537476Z,1068.0,CUKPH3D8,3300,33,Male,White,United States,United States,United States,English,No,Full-Time,text
68e452ae0938c32ef9a45913,671c5ad0eb30c87c11b22ec4,RETURNED,Not Applicable,2025-10-06T23:37:28.719000Z,,,2025-10-09T14:48:00.422830Z,,,1996,CONSENT_REVOKED,CONSENT_REVOKED,CONSENT_REVOKED,CONSENT_REVOKED,CONSENT_REVOKED,CONSENT_REVOKED,CONSENT_REVOKED,CONSENT_REVOKED,CONSENT_REVOKED,text
68e452caf46a4697d6d0803e,6630f48f17953c0cd655713e,RETURNED,Not Applicable,2025-10-06T23:37:52.999000Z,2025-10-07T00:24:21.546000Z,,2025-10-29T16:44:58.090149Z,,CUKPH3D8,28,CONSENT_REVOKED,CONSENT_REVOKED,CONSENT_REVOKED,CONSENT_REVOKED,CONSENT_REVOKED,CONSENT_REVOKED,CONSENT_REVOKED,CONSENT_REVOKED,CONSENT_REVOKED,text
68e453275576cb1ccb73ff01,610508c09d61c098f072605b,APPROVED,Not Applicable,2025-10-06T23:39:50.796000Z,2025-10-07T00:32:33.223000Z,2025-10-28T00:03:02.261000Z,2025-10-07T00:32:33.600689Z,3163.0,CUKPH3D8,5110,28,Female,Mixed,United States,United States,United States,English,DATA_EXPIRED,DATA_EXPIRED,text
68e453281c742c155d994e6e,671d553e0d035028da7d29a1,APPROVED,Not Applicable,2025-10-06T23:39:38.692000Z,2025-10-07T00:16:49.146000Z,2025-10-28T00:03:02.614000Z,2025-10-07T00:16:52.453268Z,2231.0,CUKPH3D8,2762,34,Female,Mixed,United States,United States,United States,English,Yes,Full-Time,text
68e453756be6a6702376d499,60bec2aeb32067ea868876ec,RETURNED,Not Applicable,2025-10-06T23:42:12.062000Z,,,2025-10-09T14:48:00.456586Z,,,2750,CONSENT_REVOKED,CONSENT_REVOKED,CONSENT_REVOKED,CONSENT_REVOKED,CONSENT_REVOKED,CONSENT_REVOKED,CONSENT_REVOKED,CONSENT_REVOKED,CONSENT_REVOKED,text
68e453a04c092bbe0c82b1c8,57d6dd8d6598aa000199188b,APPROVED,Not Applicable,2025-10-06T23:41:30.688000Z,2025-10-07T00:07:46.401000Z,2025-10-28T00:03:03.041000Z,2025-10-07T00:13:50.958956Z,1576.0,CUKPH3D8,12358,36,Female,Asian,United States,United States,United States,English,No,DATA_EXPIRED,text
68e454acc9439bc9e2775368,6643a23e1668916a901333d9,RETURNED,Not Applicable,2025-10-06T23:45:57.392000Z,,,2025-10-09T14:48:00.429998Z,,,4138,CONSENT_REVOKED,CONSENT_REVOKED,CONSENT_REVOKED,CONSENT_REVOKED,CONSENT_REVOKED,CONSENT_REVOKED,CONSENT_REVOKED,CONSENT_REVOKED,CONSENT_REVOKED,text
68e45539aae0cb31ee0d0a2d,67042cdf06ed4052bdf44c07,RETURNED,Not Applicable,2025-10-06T23:59:00.378000Z,,,2025-10-09T14:48:00.438384Z,,,1100,CONSENT_REVOKED,CONSENT_REVOKED,CONSENT_REVOKED,CONSENT_REVOKED,CONSENT_REVOKED,CONSENT_REVOKED,CONSENT_REVOKED,CONSENT_REVOKED,CONSENT_REVOKED,text
68e4570745e490c9fc62da68,5a98d411f05361000171ebe7,APPROVED,Not Applicable,2025-10-06T23:55:57.860000Z,2025-10-07T00:17:07.807000Z,2025-10-28T00:03:03.478000Z,2025-10-07T00:17:08.380612Z,1270.0,CUKPH3D8,2003,35,Female,White,United States,United States,United States,English,No,Full-Time,text
68e457683c8989106587ecc1,5930c7fdfa699e0001017cc1,APPROVED,Not Applicable,2025-10-07T00:02:28.577000Z,2025-10-07T00:35:04.693000Z,2025-10-28T00:03:04.193000Z,2025-10-07T00:35:05.107596Z,1957.0,CUKPH3D8,2004,37,Male,White,United States,United States,United States,English,No,Full-Time,text
68e45a342068624988775571,6682c4fcefd32e38eb8197b2,RETURNED,Not Applicable,2025-10-07T00:09:27.900000Z,,,2025-10-09T14:48:00.432875Z,,,1659,CONSENT_REVOKED,CONSENT_REVOKED,CONSENT_REVOKED,CONSENT_REVOKED,CONSENT_REVOKED,CONSENT_REVOKED,CONSENT_REVOKED,CONSENT_REVOKED,CONSENT_REVOKED,text
68e45b53dbe927743114a665,6287a504c4cb277cf781b6bb,APPROVED,Not Applicable,2025-10-07T00:14:16.328000Z,2025-10-07T01:22:36.512000Z,2025-10-28T00:03:04.685000Z,2025-10-07T01:22:37.302901Z,4101.0,CUKPH3D8,5101,23,Male,White,United States,United States,United States,English,DATA_EXPIRED,DATA_EXPIRED,text
68e45ca2c0d4b93931398a6a,668525b0e1eff8d40c686ec0,APPROVED,Not Applicable,2025-10-07T00:19:50.502000Z,2025-10-07T01:04:43.106000Z,2025-10-28T00:03:05.219000Z,2025-10-07T01:04:43.575974Z,2693.0,CUKPH3D8,836,36,Male,Asian,United States,United States,United States,English,DATA_EXPIRED,DATA_EXPIRED,text
68e45cbb5ab61b6f9b9bd201,673378009f99d14c232c1f2b,APPROVED,Not Applicable,2025-10-07T00:20:22.804000Z,2025-10-07T01:14:22.230000Z,2025-10-28T00:03:06.094000Z,2025-10-07T01:14:22.684242Z,3240.0,CUKPH3D8,4714,38,Male,Mixed,United States,United States,United States,English,Yes,DATA_EXPIRED,text
68e45d2064a5cf2de92ea06c,663a4e1d7e5525f5851d04c5,APPROVED,Not Applicable,2025-10-07T00:21:56.472000Z,2025-10-07T01:14:47.139000Z,2025-10-28T00:03:06.724000Z,2025-10-07T01:14:47.531668Z,3171.0,CUKPH3D8,1628,27,DATA_EXPIRED,DATA_EXPIRED,United States,United States,United States,English,DATA_EXPIRED,DATA_EXPIRED,text
68e465836be6a6702376d573,663a5fa6c0dd77f659a12550,RETURNED,Not Applicable,2025-10-07T00:57:44.233000Z,,,2025-10-09T14:48:00.435899Z,,,528,CONSENT_REVOKED,CONSENT_REVOKED,CONSENT_REVOKED,CONSENT_REVOKED,CONSENT_REVOKED,CONSENT_REVOKED,CONSENT_REVOKED,CONSENT_REVOKED,CONSENT_REVOKED,text
68e465fd29cf124179226fb0,66bd0b8a2d07447ae9a52ec3,RETURNED,Not Applicable,2025-10-07T00:59:44.230000Z,,,2025-10-09T14:48:00.433099Z,,,1374,CONSENT_REVOKED,CONSENT_REVOKED,CONSENT_REVOKED,CONSENT_REVOKED,CONSENT_REVOKED,CONSENT_REVOKED,CONSENT_REVOKED,CONSENT_REVOKED,CONSENT_REVOKED,text
68e4662a2a527a84a2af2ff2,64309be1d7d085ed8ee4c129,APPROVED,Not Applicable,2025-10-07T01:01:58.748000Z,2025-10-07T01:39:08.459000Z,2025-10-28T00:03:07.734000Z,2025-10-07T01:39:13.041185Z,2230.0,CUKPH3D8,6534,31,Male,White,United States,United States,United States,English,DATA_EXPIRED,Full-Time,text
68e55a9ea9a6f49f07dd551f,662948ed99960b11f2f8e3fe,APPROVED,Not Applicable,2025-10-07T18:27:01.766000Z,2025-10-07T19:01:27.454000Z,2025-10-28T00:00:58.186000Z,2025-10-07T19:01:28.475767Z,2066.0,CUKPH3D8,4189,44,Female,White,United States,United States,United States,English,No,DATA_EXPIRED,voice
68e55b1696855a1190a2a30b,6646abc0720d1baaa7e0af4c,RETURNED,Not Applicable,2025-10-07T18:25:29.085000Z,,,2025-10-29T16:44:24.154957Z,,,1427,CONSENT_REVOKED,CONSENT_REVOKED,CONSENT_REVOKED,CONSENT_REVOKED,CONSENT_REVOKED,CONSENT_REVOKED,CONSENT_REVOKED,CONSENT_REVOKED,CONSENT_REVOKED,voice
68e55b20f69520690a316cd3,66a049748b57caf868c3179d,RETURNED,Not Applicable,2025-10-07T18:28:13.451000Z,,,2025-10-29T16:44:24.154944Z,,,586,CONSENT_REVOKED,CONSENT_REVOKED,CONSENT_REVOKED,CONSENT_REVOKED,CONSENT_REVOKED,CONSENT_REVOKED,CONSENT_REVOKED,CONSENT_REVOKED,CONSENT_REVOKED,voice
68e55e9e73cd39b6ff88f73b,6742864af334030ad769a482,APPROVED,Not Applicable,2025-10-07T18:40:38.569000Z,2025-10-07T19:15:50.402000Z,2025-10-28T00:00:58.626000Z,2025-10-07T19:15:50.843995Z,2112.0,CUKPH3D8,1074,35,Male,White,United States,United States,United States,English,No,"Not in paid work (e.g. homemaker', 'retired or disabled)",voice
68e56acaab86a73cc468e970,65983c420d89145cbdb05468,APPROVED,Not Applicable,2025-10-07T19:32:30.586000Z,2025-10-07T19:58:55.278000Z,2025-10-28T00:00:59.027000Z,2025-10-07T19:58:55.906186Z,1585.0,CUKPH3D8,1367,43,Female,Other,United States,United States,United States,English,No,Part-Time,voice
68e4413fb9aaa125fee3eadf,67414dcbcf89f6a633385d49,APPROVED,Not Applicable,2025-10-06T22:27:07.335000Z,2025-10-06T23:03:03.462000Z,2025-10-27T00:02:12.654000Z,2025-10-06T23:03:06.061881Z,2157.0,CUKPH3D8,788,29,Male,White,United States,United States,United States,English,DATA_EXPIRED,DATA_EXPIRED,voice
68e441cccb0cf52fa6a5eef3,666559e634fffd1ce19ba654,APPROVED,Not Applicable,2025-10-06T22:25:21.223000Z,2025-10-06T23:40:42.366000Z,2025-10-27T00:02:13.047000Z,2025-10-06T23:40:42.784787Z,4522.0,CUKPH3D8,2890,30,Female,White,United States,United States,United States,English,DATA_EXPIRED,DATA_EXPIRED,voice
68e443ba7406769a213ca651,5d2e4267565e1200017efb42,RETURNED,Not Applicable,2025-10-06T22:34:13.304000Z,,,2025-10-06T22:52:09.911022Z,,,2113,CONSENT_REVOKED,CONSENT_REVOKED,CONSENT_REVOKED,CONSENT_REVOKED,CONSENT_REVOKED,CONSENT_REVOKED,CONSENT_REVOKED,CONSENT_REVOKED,CONSENT_REVOKED,voice
68e443be41e0e9594101211b,62d43cee3d60ac98c1dcacc8,APPROVED,Not Applicable,2025-10-06T22:33:38.503000Z,2025-10-06T23:57:12.971000Z,2025-10-27T00:02:13.407000Z,2025-10-06T23:57:16.914762Z,5015.0,CUKPH3D8,8614,28,Male,White,United States,United States,United States,English,DATA_EXPIRED,DATA_EXPIRED,voice
68e4450ed1a8affcf5dcc398,628f83dc5398c04bac86f9e6,APPROVED,Not Applicable,2025-10-06T22:39:14.577000Z,2025-10-06T23:11:54.931000Z,2025-10-27T00:02:13.739000Z,2025-10-06T23:11:55.341353Z,1961.0,CUKPH3D8,13959,40,Male,White,United States,United States,United States,English,DATA_EXPIRED,DATA_EXPIRED,voice
68e445764753d5515e3bacce,5efaf5d5540ce9953f995009,RETURNED,Not Applicable,2025-10-06T22:41:02.494000Z,,,2025-10-06T22:52:08.150483Z,,,1709,CONSENT_REVOKED,CONSENT_REVOKED,CONSENT_REVOKED,CONSENT_REVOKED,CONSENT_REVOKED,CONSENT_REVOKED,CONSENT_REVOKED,CONSENT_REVOKED,CONSENT_REVOKED,voice
68e44599d5bae27afbb8001c,660cda55786e37b1cbb49717,APPROVED,Not Applicable,2025-10-06T22:41:35.884000Z,2025-10-06T23:34:57.708000Z,2025-10-27T00:02:14.107000Z,2025-10-06T23:34:59.521952Z,3202.0,CUKPH3D8,4309,38,Male,Black,United States,United States,United States,English,DATA_EXPIRED,DATA_EXPIRED,voice
68e445f3c0343dfdbe54b19b,6643f08978c19c6cf8de82d4,RETURNED,Not Applicable,2025-10-06T22:46:37.101000Z,,,2025-10-09T14:47:29.861213Z,,,2054,CONSENT_REVOKED,CONSENT_REVOKED,CONSENT_REVOKED,CONSENT_REVOKED,CONSENT_REVOKED,CONSENT_REVOKED,CONSENT_REVOKED,CONSENT_REVOKED,CONSENT_REVOKED,voice
68e4471f83d5eaf3564c6670,62c63362e7342ad8be294866,APPROVED,Not Applicable,2025-10-06T22:48:10.854000Z,2025-10-06T23:25:45.158000Z,2025-10-27T00:02:14.418000Z,2025-10-06T23:25:45.549019Z,2255.0,CUKPH3D8,5095,45,Male,White,United States,United States,United States,English,No,Full-Time,voice
68e4497bbca4d26f0047bdcd,6400e79fec0b310140841aee,RETURNED,Not Applicable,2025-10-06T22:58:17.125000Z,,,2025-10-09T14:47:29.863448Z,,,4250,CONSENT_REVOKED,CONSENT_REVOKED,CONSENT_REVOKED,CONSENT_REVOKED,CONSENT_REVOKED,CONSENT_REVOKED,CONSENT_REVOKED,CONSENT_REVOKED,CONSENT_REVOKED,voice
68e449b5f3fa20a6173ae9de,6625ac4d6f5a636552f8adf0,RETURNED,Not Applicable,2025-10-06T22:59:11.608000Z,,,2025-10-09T14:47:29.863342Z,,,2018,CONSENT_REVOKED,CONSENT_REVOKED,CONSENT_REVOKED,CONSENT_REVOKED,CONSENT_REVOKED,CONSENT_REVOKED,CONSENT_REVOKED,CONSENT_REVOKED,CONSENT_REVOKED,voice
68e449ec5b4997518160ada5,674df71dd20065d29a151f43,RETURNED,Not Applicable,2025-10-06T22:59:56.190000Z,,,2025-10-09T14:47:29.885927Z,,,1700,CONSENT_REVOKED,CONSENT_REVOKED,CONSENT_REVOKED,CONSENT_REVOKED,CONSENT_REVOKED,CONSENT_REVOKED,CONSENT_REVOKED,CONSENT_REVOKED,CONSENT_REVOKED,voice
68e44b1821d36ab4e4cbf863,6745731e75a88802a56be3ef,APPROVED,Not Applicable,2025-10-06T23:05:33.097000Z,2025-10-06T23:26:48.560000Z,2025-10-27T00:02:14.743000Z,2025-10-06T23:26:48.990995Z,1276.0,CUKPH3D8,1361,18,Male,Mixed,United States,United States,United States,English,Yes,Part-Time,voice
68e44b98e1d6d5f61f9c1db5,6789ac8527bbce25fe21a7a4,APPROVED,Not Applicable,2025-10-06T23:07:14.435000Z,2025-10-06T23:35:26.889000Z,2025-10-27T00:02:15.078000Z,2025-10-06T23:35:27.288485Z,1693.0,CUKPH3D8,731,31,Male,Mixed,United States,United States,United States,English,DATA_EXPIRED,Full-Time,voice
68e44bceac0f91f0db73f43b,671eefb130967a416003ffea,APPROVED,Not Applicable,2025-10-06T23:08:04.394000Z,2025-10-06T23:27:43.113000Z,2025-10-27T00:02:15.451000Z,2025-10-06T23:27:43.534494Z,1179.0,thankyou2025,438,31,Female,White,United States,United States,United States,English,DATA_EXPIRED,DATA_EXPIRED,voice
68e44c911d2ab03f64ae142b,67294473dbb580a0ca93f60f,RETURNED,Not Applicable,2025-10-06T23:11:13.050000Z,,,2025-10-09T14:47:31.777964Z,,,2341,CONSENT_REVOKED,CONSENT_REVOKED,CONSENT_REVOKED,CONSENT_REVOKED,CONSENT_REVOKED,CONSENT_REVOKED,CONSENT_REVOKED,CONSENT_REVOKED,CONSENT_REVOKED,voice
68e44d1ffbbd7082a15ea16d,6759153b3eedcded280918ce,APPROVED,Not Applicable,2025-10-06T23:21:02.076000Z,2025-10-07T00:42:20.059000Z,2025-10-28T00:04:36.965000Z,2025-10-07T00:42:20.450642Z,4878.0,CUKPH3D8,1197,27,Female,Black,United States,United States,United States,English,No,Full-Time,voice
68e44df46be6a6702376d432,663a5c3c9ca80f412652721d,RETURNED,Not Applicable,2025-10-06T23:17:11.973000Z,,,2025-10-09T14:47:29.871879Z,,,1571,CONSENT_REVOKED,CONSENT_REVOKED,CONSENT_REVOKED,CONSENT_REVOKED,CONSENT_REVOKED,CONSENT_REVOKED,CONSENT_REVOKED,CONSENT_REVOKED,CONSENT_REVOKED,voice
68e44e6e68b3fed56409bd67,610e0a1e95c323743ff02dcb,TIMED-OUT,Not Applicable,2025-10-06T23:19:10.518000Z,,,2025-10-09T14:47:29.870598Z,228500.0,,7184,39,Male,Black,United States,United States,United States,English,No,Full-Time,voice
68e44fe6f311a24cbc215561,5d6f332829c25100188a4a27,RETURNED,Not Applicable,2025-10-06T23:25:26.994000Z,,,2025-10-09T14:47:29.874792Z,,,3216,CONSENT_REVOKED,CONSENT_REVOKED,CONSENT_REVOKED,CONSENT_REVOKED,CONSENT_REVOKED,CONSENT_REVOKED,CONSENT_REVOKED,CONSENT_REVOKED,CONSENT_REVOKED,voice
68e450c4c5213f6cce7c132c,6722b6b9cb69415ce7f4c688,APPROVED,Not Applicable,2025-10-06T23:29:08.348000Z,2025-10-07T00:10:51.999000Z,2025-10-28T00:04:37.341000Z,2025-10-07T00:14:58.016466Z,2504.0,CUKPH3D8,1946,42,Male,White,Spain,United States,United States,Spanish,No,Full-Time,voice
68e455756eefa022f8179916,66199822c723a66ae0d5fc24,RETURNED,Not Applicable,2025-10-06T23:49:30.938000Z,,,2025-10-09T14:47:29.872296Z,,,1771,CONSENT_REVOKED,CONSENT_REVOKED,CONSENT_REVOKED,CONSENT_REVOKED,CONSENT_REVOKED,CONSENT_REVOKED,CONSENT_REVOKED,CONSENT_REVOKED,CONSENT_REVOKED,voice
68e4558522a1930dbc758da3,5c7cf8b58ca9000001b52f6e,RETURNED,Not Applicable,2025-10-06T23:57:37.796000Z,,,2025-10-09T14:47:29.873588Z,,,9344,CONSENT_REVOKED,CONSENT_REVOKED,CONSENT_REVOKED,CONSENT_REVOKED,CONSENT_REVOKED,CONSENT_REVOKED,CONSENT_REVOKED,CONSENT_REVOKED,CONSENT_REVOKED,voice
68e455e0105504eb34631761,6797d5ada6654ec99f741b08,APPROVED,Not Applicable,2025-10-06T23:51:02.062000Z,2025-10-07T00:19:12.840000Z,2025-10-28T00:04:37.723000Z,2025-10-07T00:19:13.274141Z,1691.0,CUKPH3D8,2273,23,Female,Black,Kenya,United States,United States,Somali,DATA_EXPIRED,DATA_EXPIRED,voice
68e455ec722ddef339c69053,669aab18b7f156b93c657214,RETURNED,Not Applicable,,,,2025-10-09T14:47:29.874462Z,,,2284,CONSENT_REVOKED,CONSENT_REVOKED,CONSENT_REVOKED,CONSENT_REVOKED,CONSENT_REVOKED,CONSENT_REVOKED,CONSENT_REVOKED,CONSENT_REVOKED,CONSENT_REVOKED,voice
68e4562252766ea61fa66bf4,633d785ff76adb41addde965,RETURNED,Not Applicable,2025-10-07T00:04:41.185000Z,,,2025-10-09T14:47:29.879664Z,,,6637,CONSENT_REVOKED,CONSENT_REVOKED,CONSENT_REVOKED,CONSENT_REVOKED,CONSENT_REVOKED,CONSENT_REVOKED,CONSENT_REVOKED,CONSENT_REVOKED,CONSENT_REVOKED,voice
68e4565f747e642faf52a4d6,63e55bb2f8e6aec6a4031bd8,APPROVED,Not Applicable,2025-10-06T23:53:03.887000Z,2025-10-07T00:27:21.899000Z,2025-10-28T00:04:38.124000Z,2025-10-07T00:27:22.287023Z,2059.0,NOCODE,4825,42,Male,White,United States,United States,United States,English,No,Full-Time,voice
68e4570fe6912f5757358eeb,6759fa50a9bb240e423de357,APPROVED,Not Applicable,2025-10-06T23:56:04.224000Z,2025-10-07T00:19:01.021000Z,2025-10-28T00:04:38.504000Z,2025-10-07T00:19:01.519253Z,1377.0,CUKPH3D8,2200,44,Male,Asian,Malaysia,United States,United States,English,DATA_EXPIRED,DATA_EXPIRED,voice
68e4576bf7fa8559cc733688,66553eb5f10b5700001d20de,APPROVED,Not Applicable,2025-10-06T23:57:41.854000Z,2025-10-07T00:27:00.003000Z,2025-10-28T00:04:38.930000Z,2025-10-07T00:27:00.421115Z,1759.0,CUKPH3D8,4787,27,Male,White,South Africa,United States,United States,English,No,Full-Time,voice
68e4583e77207972c2207c02,60fd6e6d7b35102b8ca961a5,APPROVED,Not Applicable,2025-10-07T00:01:06.925000Z,2025-10-07T00:26:21.585000Z,2025-10-28T00:04:39.507000Z,2025-10-07T00:26:21.959370Z,1515.0,CUKPH3D8,1236,22,Female,White,United States,United States,United States,English,Yes,Unemployed (and job seeking),voice
68e45c9ba7161f15ce44cad8,668bf688d58206e61f399a88,APPROVED,Not Applicable,2025-10-07T00:19:49.958000Z,2025-10-07T00:51:54.676000Z,2025-10-28T00:04:40.047000Z,2025-10-07T00:51:55.056513Z,1925.0,CUKPH3D8,4459,43,Male,Black,United States,United States,United States,English,No,Full-Time,voice
68e45cf4628e86ed0c652a67,5fba9fdd33207faa35f61df3,APPROVED,Not Applicable,2025-10-07T00:21:08.178000Z,2025-10-07T01:06:21.210000Z,2025-10-28T00:04:40.690000Z,2025-10-07T01:06:27.742199Z,2714.0,CUKPH3D8,7054,45,Male,Mixed,United States,United States,United States,English,No,DATA_EXPIRED,voice
68e45e036fd8b18c9217a0fc,6730214557beb89aa16e74c2,RETURNED,Not Applicable,2025-10-07T00:25:50.585000Z,,,2025-10-09T14:47:29.882177Z,,,2578,CONSENT_REVOKED,CONSENT_REVOKED,CONSENT_REVOKED,CONSENT_REVOKED,CONSENT_REVOKED,CONSENT_REVOKED,CONSENT_REVOKED,CONSENT_REVOKED,CONSENT_REVOKED,voice
68e45e11983a821bb3e8f24a,6104d73b7cdac0a47a905f0d,APPROVED,Not Applicable,2025-10-07T00:25:58.892000Z,2025-10-07T00:46:10.043000Z,2025-10-28T00:04:41.096000Z,2025-10-07T00:46:10.456252Z,1212.0,CUKPH3D8,1981,25,Female,Other,United States,United States,United States,Spanish,DATA_EXPIRED,DATA_EXPIRED,voice
68e45efb1e37052db76bca25,6296ecaf7ea72c4951583ffd,APPROVED,Not Applicable,2025-10-07T00:31:22.676000Z,2025-10-07T00:58:09.282000Z,2025-10-28T00:04:41.545000Z,2025-10-07T00:58:14.451137Z,1607.0,CUKPH3D8,1481,41,Male,White,United States,United States,United States,English,No,Full-Time,voice
68e460e8d8e15a5a9adccefa,5c1c2c51e2d9150001b5737e,RETURNED,Not Applicable,2025-10-07T00:38:08.345000Z,,,2025-10-09T14:47:29.907952Z,,,8946,CONSENT_REVOKED,CONSENT_REVOKED,CONSENT_REVOKED,CONSENT_REVOKED,CONSENT_REVOKED,CONSENT_REVOKED,CONSENT_REVOKED,CONSENT_REVOKED,CONSENT_REVOKED,voice
68e4615c4753d5515e3bae42,66463e4efb99fba5a67a010a,APPROVED,Not Applicable,2025-10-07T00:40:00.280000Z,2025-10-07T00:54:58.229000Z,2025-10-28T00:04:43.290000Z,2025-10-07T00:54:58.638175Z,898.0,CUKPH3D8,3325,31,Male,Black,United States,United States,United States,English,No,Full-Time,voice
68e461f655f8cd2ab5e2703c,66709a4a49e9bb2c80c53c27,APPROVED,Not Applicable,2025-10-07T00:42:40.792000Z,2025-10-07T17:42:46.548000Z,2025-10-07T17:42:46.959000Z,2025-10-07T17:42:47.115334Z,61206.0,Manual Completion,1342,23,Female,White,United States,United States,United States,English,DATA_EXPIRED,DATA_EXPIRED,voice
68e463b478521356cf8354b5,60c8467d9872c0d83f695499,APPROVED,Not Applicable,2025-10-07T00:49:56.058000Z,2025-10-07T01:34:18.068000Z,2025-10-28T00:04:44.591000Z,2025-10-07T01:34:18.488639Z,2663.0,CUKPH3D8,5561,31,Female,White,United States,United States,United States,English,No,Full-Time,voice
68e464c36c002bbc3e1d8a09,5f3ebd568c429614c0f595e8,APPROVED,Not Applicable,2025-10-07T00:54:45.328000Z,2025-10-07T02:04:49.942000Z,2025-10-28T00:04:45.960000Z,2025-10-07T02:04:50.481051Z,4205.0,CUKPH3D8,8719,44,Male,White,United States,United States,United States,English,No,Full-Time,voice
68e46774cf58102213dcaf1e,611e6704567a73202f78bef7,RETURNED,Not Applicable,2025-10-07T01:05:59.198000Z,,,2025-10-09T14:47:29.895690Z,,,7064,CONSENT_REVOKED,CONSENT_REVOKED,CONSENT_REVOKED,CONSENT_REVOKED,CONSENT_REVOKED,CONSENT_REVOKED,CONSENT_REVOKED,CONSENT_REVOKED,CONSENT_REVOKED,voice
68e4687828129b053e4d9f0e,66e7a809808daaac1a79dd40,RETURNED,Not Applicable,2025-10-07T01:10:22.278000Z,,,2025-10-09T14:47:29.899030Z,,,1569,CONSENT_REVOKED,CONSENT_REVOKED,CONSENT_REVOKED,CONSENT_REVOKED,CONSENT_REVOKED,CONSENT_REVOKED,CONSENT_REVOKED,CONSENT_REVOKED,CONSENT_REVOKED,voice
68e46ac70911f4c75d62629a,663817b7de64fca4fb45a414,APPROVED,Not Applicable,2025-10-07T01:20:12.592000Z,2025-10-07T01:47:27.156000Z,2025-10-28T00:04:47.756000Z,2025-10-07T01:47:27.612016Z,1635.0,CUKPH3D8,1031,44,Male,White,United States,United States,United States,English,No,Full-Time,voice
68e46bbe8331abcd36531129,5b8d575aafe6be000115695b,RETURNED,Not Applicable,2025-10-07T01:24:20.831000Z,,,2025-10-09T14:47:29.891603Z,,,2848,CONSENT_REVOKED,CONSENT_REVOKED,CONSENT_REVOKED,CONSENT_REVOKED,CONSENT_REVOKED,CONSENT_REVOKED,CONSENT_REVOKED,CONSENT_REVOKED,CONSENT_REVOKED,voice
68e46eec2713c1a52d04d92f,663a8b9eb077de60d6884574,APPROVED,Not Applicable,2025-10-07T01:37:51.417000Z,2025-10-07T02:37:39.014000Z,2025-10-28T00:04:48.288000Z,2025-10-07T02:37:39.414267Z,3588.0,CUKPH3D8,533,42,Male,Black,United States,United States,United States,English,DATA_EXPIRED,DATA_EXPIRED,voice
68e46fa2b28fca80a3022ab7,58adfc6e7cf56d0001f931a2,APPROVED,Not Applicable,2025-10-07T01:40:52.865000Z,2025-10-07T03:00:16.043000Z,2025-10-28T00:04:49.214000Z,2025-10-07T03:00:22.866135Z,4764.0,CUKPH3D8,8817,28,Male,Black,United States,United States,United States,English,Yes,Unemployed (and job seeking),voice
68e46fc5cb0cf52fa6a5f558,66a02d45a7db35d93c9f6a81,RETURNED,Not Applicable,,,,2025-10-09T14:47:29.885041Z,,,4344,CONSENT_REVOKED,CONSENT_REVOKED,CONSENT_REVOKED,CONSENT_REVOKED,CONSENT_REVOKED,CONSENT_REVOKED,CONSENT_REVOKED,CONSENT_REVOKED,CONSENT_REVOKED,voice
68e46ffcca51f745ea27d46a,611edc7240c940f33a5dd554,APPROVED,Not Applicable,2025-10-07T01:42:28.207000Z,2025-10-07T02:15:24.374000Z,2025-10-28T00:04:49.738000Z,2025-10-07T02:15:24.754525Z,1977.0,CUKPH3D8,2231,29,Female,White,United States,United States,United States,English,DATA_EXPIRED,DATA_EXPIRED,voice
68e4701a81fa9a9995744a58,669284eabea5b8c9655927da,APPROVED,Not Applicable,2025-10-07T01:51:53.637000Z,2025-10-07T02:47:54.004000Z,2025-10-28T00:04:50.387000Z,2025-10-07T02:47:57.201972Z,3361.0,CUKPH3D8,1040,27,Male,Mixed,United States,United States,United States,English,DATA_EXPIRED,DATA_EXPIRED,voice
68e4705e1517b644ef2eef7a,6410e763dc2f2726ac16ee05,APPROVED,Not Applicable,2025-10-07T01:46:18.222000Z,2025-10-07T02:59:24.422000Z,2025-10-28T00:04:50.880000Z,2025-10-07T02:59:25.286249Z,4387.0,CUKPH3D8,4204,45,Male,White,United States,United States,United States,English,DATA_EXPIRED,DATA_EXPIRED,voice
68e4790907b1efc79a45ec1d,640415971520c41606ca4389,APPROVED,Not Applicable,2025-10-07T02:21:10.635000Z,2025-10-07T02:49:16.150000Z,2025-10-28T00:04:51.280000Z,2025-10-07T02:49:16.566016Z,1686.0,CUKPH3D8,3756,41,Female,White,United States,United States,United States,English,No,"Not in paid work (e.g. homemaker', 'retired or disabled)",voice
